Approach,Document_ID,Participants,Interventions,Outcomes,Gold_Participants,Gold_Interventions,Gold_Outcomes
crf_predictions,10070173,Not Found,Not Found,Mean daily nasal symptom scores | non-nasal adverse events | nasal irritation | quality of life,seasonal allergic rhinitis . | Two hundred and eighty-four out-patients | SAR | symptomatic during the ragweed season | 243 | SAR .,budesonide Turbuhaler | budesonide aqua | budesonide Turbuhaler | budesonide aqua | budesonide . | Turbuhaler | Turbuhaler | aqua spray | budesonide aqua | budesonide Turbuhaler | budesonide powder | Turbuhaler | aqua,patients ' preferences | quality of life . | Mean daily nasal symptom scores | eye symptoms . | nasal and non-nasal adverse events | epistaxis | headache . | nasal irritation | quality of life | safe | efficacious
crf_predictions,10390665,aged 4-10 years | children,granisetron | perphenazine | perphenazine 70 mg kg-1,clinically serious adverse events,children . | tonsillectomy with or without adenoidectomy | children | 90 paediatric patients | ASA I | aged 4-10 years | children undergoing general anaesthesia for tonsillectomy,granisetron | perphenazine | granisetron | perphenazine | granisetron | perphenazine | granisetron | perphenazine | granisetron | perphenazine,"Anti-emetic efficacy | prevention | efficacy | complete response , defined as no emesis with no need for another rescue antiemetic | corresponding incidence | adverse events | long-term prevention | post-operative vomiting"
crf_predictions,10475150,primary hypothyroidism | untreated primary hypothyroidism,somatostatin ( octreotide ) | Somatostatin | melatonin | saline | octreotide ( Sandostatin | octreotide | octreotide -- fails,GH secretion | Urinary excretion | total nocturnal secretion of TSH | nocturnal secretion and urinary excretion,healthy volunteers and in patients with primary hypothyroidism . | 8 healthy volunteers | 6 women | untreated primary hypothyroidism | healthy volunteers | patients with hypothyroidism | normal subjects and in patients with primary hypothyroidism,somatostatin ( octreotide ) | Somatostatin | somatostatin | saline | octreotide ( Sandostatin ; | octreotide | saline . | octreotide | octreotide | saline ; | octreotide | saline . | octreotide | octreotide | saline ; | octreotide | somatostatin . | somatostatin | octreotide | somatostatin,melatonin secretion | melatonin secretion . | melatonin secretion | nocturnal melatonin secretion | melatonin secretion | urinary excretion of melatonin | GH secretion | nocturnal melatonin secretion | Urinary excretion of melatonin | total nocturnal secretion of TSH | nocturnal secretion and urinary excretion of melatonin
crf_predictions,10578479,"premenopausal women | 36 premenopausal women , 20 of whom used OC .",soy intake | soy products high in isoflavonoid phytoestrogens | oral contraceptives ( OC ) | soy | soy beverage containing 20 g of protein and 38 mg of total isoflavones to their usual diet | soy feeding,"serum estrone , estradiol , sex hormone-binding globulin | dehydroepiandrosterone sulfate , prolactin",premenopausal women . | 36 premenopausal women | 20 | used OC | premenopausal OC | non-OC users .,soy | soy | soy | soy | soy beverage | soy | soy,"sex hormone metabolism | sex hormone metabolism | serum estrone , estradiol , sex hormone-binding globulin , dehydroepiandrosterone sulfate , prolactin , or progesterone concentrations | menstrual cycle length or the urinary estrogen metabolite ratio of 2-hydroxyestrone to 16 alpha-hydroxyestrone | urinary estrogen metabolites | menstrual cycle , serum sex hormones , or urinary estrogen metabolite ratio"
crf_predictions,10589810,Not Found,conventional steel or non-tooth substance removing plastic curettes during supportive periodontal therapy | conventional steel curettes | supportive periodontal care visit ( SPT ),bleeding on probing ( BOP ) and probing pocket depth ( PPD ) | BOP percentage | BOP and PPD | mean BOP,40 subjects | 20 | 20,plastic curettes | conventional steel curettes | conventional steel curettes | plastic curettes | non-root substance removing curettes,Clinical effects | clinical effects | bleeding on probing ( BOP ) and probing pocket depth ( PPD ) | BOP percentage | BOP and PPD | BOP percentage | BOP | BOP
crf_predictions,10763172,61 inpatients with the diagnosis Rhinitis following nasal operation,xylometazoline | dexpanthenol | Xylometazoline with Dexpanthenol ( Nasic ) | Xylometazoline-Dexpanthenol nasal-spray | Xylometazoline nasal spray | Xylometazoline-Dexpanthenol,Not Found,after nose surgery | 61 inpatients with the diagnosis Rhinitis following nasal operation | patients following nasal operations | rhinitis following nasal operation,xylometazoline | dexpanthenol ] | Xylometazoline | Dexpanthenol ( Nasic ) | Xylometazoline | verum | placebo | Xylometazoline-Dexpanthenol | Xylometazoline | Xylometazoline-Dexpanthenol | Xylometazoline,wound healing | efficacy | tolerability | nasal-breathing-resistance according to scores | efficacy | tolerability | compliance | improvement | efficacy | tolerability
crf_predictions,10764172,Forty,Intrathecal morphine | morphine | intrathecal 0.5 mg morphine,natural killer ( NK ) cell activity | blood NK cell activity | plasma catecholamines and cortisol levels | postoperative pain score and side effects | NK cell activity | NK cell activities | plasma adrenaline nor noradrenaline concentrations | plasma cortisol levels | pain score,underwent hysterectomy | Forty patients were divided into four groups of ten .,morphine | morphine | morphine | morphine | morphine | morphine,NK cell activity | natural killer ( NK ) cell activity | postoperative pain score and side effects | NK cell activity | NK cell activities | plasma adrenaline | noradrenaline concentrations | plasma cortisol levels | pain score
crf_predictions,10912743,hypertensive | 142 hypertensive patients ( 76 men | 66 women | 59 +/- 5.9 years ) treated with different antihypertensive drugs :,aspirin | vitamin E | antihypertensive drug classes ( angiotensin converting enzyme inhibitors and calcium antagonists ),clinic and ambulatory blood pressure | blood pressure | clinic and ambulatory systolic ( SBP ) and diastolic ( DBP ) BP | clinic SBP and DBP | Ambulatory SBP and DBP,treated hypertensive patients . | hypertensive patients receiving drug treatment | people with one or more cardiovascular risk factors . | hypertension | 142 hypertensive | 76 men | 66 women | mean age 59 +/- 5.9 years | treated with different antihypertensive drugs,aspirin | aspirin | aspirin | aspirin | vitamin E | aspirin | aspirin | aspirin | aspirin | aspirin,clinic and ambulatory blood pressure | blood pressure ( BP ) control | clinic and ambulatory systolic ( SBP ) and diastolic ( DBP ) BP | clinic BP | 24-h ambulatory BP monitoring | clinic SBP and DBP | Ambulatory SBP and DBP | BP
crf_predictions,10934569,children | pervasive developmental disorder | Young children with pervasive developmental disorder | pervasive developmental disorder NOS ) | autism,intensive early intervention,Not Found,children | pervasive developmental disorder | Young children | pervasive developmental disorder | 7 | autism | 8 | pervasive developmental disorder not otherwise specified -- NOS | 7 with autism | 6 with pervasive developmental disorder NOS | Children | pervasive developmental disorder,intensive early intervention | intensive treatment | parent training . | intensive treatment | parent training | parent training . | intensive treatment | parent training,intelligence | visual-spatial skills | language | academics | adaptive functioning | behavior problems .
crf_predictions,10940525,Not Found,selamectin | selamectin treatment | ivermectin,Efficacy and safety of | flea allergy dermatitis | flea infestations | Flea burdens | flea comb counts | mean flea counts,"dogs and cats presented as veterinary patients in North America . | dogs and cats | dogs and cats showing signs of flea allergy dermatitis ( FAD ) . | Dogs and cats with naturally occurring flea infestations , some of which also had signs associated with FAD | 220 dogs , 189 cats | dogs and cats diagnosed clinically with FAD . | 397 dogs free of adult heartworm infection from four heartworm-endemic areas of the USA | 673 dogs and 347 cats | 19 purebred or crossbred Collies ( Bearded , Border , and unspecified ) . | dogs and cats | dogs and cats .",selamectin | selamectin | selamectin | selamectin | selamectin | fenthion | pyrethrins | Selamectin | selamectin-treated | Selamectin | selamectin | ivermectin | Selamectin | Selamectin | selamectin | Selamectin,Efficacy | safety | efficacy | safety | flea comb counts | clinical evaluations of FAD | mean flea counts | mean flea counts | mean flea counts | mean flea counts | heartworm prevention rate | adverse events . | effective | signs associated with FAD . | heartworms | safe
crf_predictions,11099086,201 evaluable children ages 6 months to 10 years | 13,"Oral ciprofloxacin vs. intramuscular ceftriaxone | oral antibiotics , intramuscular ceftriaxone | ciprofloxacin | ciprofloxacin suspension ( 10 mg/kg twice a day + im placebo | im ceftriaxone | ceftriaxone | Oral ciprofloxacin",Clinical response and safety | Overall bacteriologic eradication | Clinical cure or improvement | drug-related adverse events,acute invasive diarrhea | children | children . | acute invasive diarrhea | infants and children | 201 | children ages 6 months to 10 years ( 35 % < 1 year ; 70 % < 3 years ) presenting with acute invasive diarrhea at the Pediatric Emergency Room | ambulatory pediatric patients requiring an emergency room visit .,ciprofloxacin | ceftriaxone | ceftriaxone | ciprofloxacin | ciprofloxacin | ceftriaxone | ciprofloxacin | ceftriaxone | ciprofloxacin | ciprofloxacin | ceftriaxone | ciprofloxacin | ceftriaxone,"efficacy | safety | Stool cultures for Shigella , Salmonella , Campylobacter spp . and diarrheagenic Escherichia coli | Clinical response and safety | Clinical cure or improvement | adverse events | Joint examination | safe | effective"
crf_predictions,11229858,children,naproxen,fever peaks | fever clearance,children | malaria | children | malaria | malaria .,antipyretic drugs | antipyretics | naproxen | metamizol | Antipyretic,reduction of fever peaks . | fever clearance
crf_predictions,1131298,Not Found,Not Found,serum cholesterol and plasma fibrinogen and decreases in coagulation time and fibrinolytic activity,10 healthy subjects,essential oils of garlic and onion | garlic and onion | garlic or onion | essential oils | Garlic and onion | garlic | onion . | garlic and onion,serum cholesterol and plasma fibrinogen | coagulation time | fibrinolytic activity . | effects
crf_predictions,11317090,249 adults,aquatic exercise,Cost per quality-adjusted life year ( QALY ) gained | Quality of Well-Being Scale ( QWB ) and Current Health Desirability Rating ( CHDR ) | arthritis-specific Health Assessment Questionnaire ( HAQ ) | Perceived Quality of Life Scale,persons with osteoarthritis . | 249 adults from Washington State aged 55 to 75 | doctor-confirmed diagnosis of osteoarthritis,aquatic exercise | aquatic exercise classes | aquatic classes . | aquatic classes . | Aquatic exercisers | Aquatic exercise | aquatic exercise .,"Economic evaluation | cost | outcomes | Cost per quality-adjusted life year ( QALY ) | cost/QALY | Quality of Well-Being Scale ( QWB ) | Current Health Desirability Rating ( CHDR ) | arthritis-specific Health Assessment Questionnaire ( HAQ ) , Center for Epidemiologic Studies-Depression Scale ( CES-D ) | Perceived Quality of Life Scale ( PQOL ) | QALYs . Use of health care facilities | Medicare reimbursement rates | costs/QALY ratios | ( QWB ) | ( CHDR , HAQ , PQOL ) | Costs/QALY | QWB | CHRD . | QALY"
crf_predictions,11381289,Not Found,vitamin E | ACE inhibitor therapy,"rates of death | myocardial infarction , stroke , coronary revascularization , cardiac arrest and heart failure | blood pressure",patients at high risk for cardiovascular events .,ramipril | angiotensin-converting enzyme ( ACE ) inhibitor | ramipril | vitamin E | ACE inhibitor,"rates of death , myocardial infarction , stroke , coronary revascularization , cardiac arrest and heart failure | risk of diabetes-related complications and of diabetes itself ."
crf_predictions,11401641,53 | primary open angle glaucoma,"latanoprost | timolol , one switched from timolol to latanoprost",intraocular pressure ( IOP ) of switching | efficacy | IOP reduction,"patients insufficiently controlled on timolol . | patients with open angle glaucoma or ocular hypertension where IOP is not adequately controlled with timolol . | 53 patients with primary open angle glaucoma , capsular glaucoma , or ocular hypertension with an IOP of at least 21 mmHg on current therapy",timolol | latanoprost | latanoprost | timolol | timolol | timolol | timolol | latanoprost | latanoprost | timolol .,IOP-reducing | intraocular pressure ( IOP ) | IOP | IOP | IOP | IOP | IOP | IOP
crf_predictions,11454878,Not Found,pegylated liposomal doxorubicin | topotecan | pegylated liposomal doxorubicin ( PLD ) | platinum-based chemotherapy | PLD,overall progression-free survival rates | overall response rates | Median overall survival times | progression-free survival | overall survival | Severe hematologic toxicity,"patients with epithelial ovarian carcinoma that recurred after or did n't respond to first-line , platinum-based chemotherapy . | Patients with measurable and assessable disease | 474",pegylated liposomal doxorubicin | topotecan . | pegylated liposomal doxorubicin ( PLD ) | topotecan | PLD | topotecan | PLD | topotecan | PLD | topotecan | PLD | topotecan | PLD | PLD | topotecan . | PLD | topotecan | topotecan | topotecan | PLD,efficacy | safety | overall progression-free survival rates | overall response rates | Median overall survival times | overall survival | Severe hematologic toxicity | efficacy | safety
crf_predictions,11495215,Sixty healthy women,oral contraceptives ( OCs ) | OC | videotaped speech task | nicotine,cardiovascular reactivity | Cardiovascular reactivity to psychological stress | lipid reactivity | Heart rate | blood pressure | heart rate and diastolic blood pressure reactivity | cardiovascular or lipid stress reactivity,"Sixty healthy women , half of whom had been using OCs for at least the previous 6 months | two thirds were smokers | One third were nonsmokers .",Oral contraceptive | oral contraceptives ( OCs ) | nicotine | nicotine | OC | nicotine | OC | nicotine | nicotine | OC,"cardiovascular reactivity | cardiovascular and lipid reactivity . | Heart rate , blood pressure , and lipid measures | heart rate and diastolic blood pressure reactivity | cardiovascular or lipid stress reactivity | cardiovascular reactivity"
crf_predictions,11642083,106 males,thrombolytic therapy | streptokinase preparations,"systolic function of the left ventricle , arrhythmia | Left ventricular systolic function | progression of left ventricular systolic dysfunction",myocardial infarction | patients on thrombolytic therapy ( TLT ) . | 106 males | Q-MI,Neoton | thrombolytic therapy | neoton | thrombolytic therapy ( TLT ) | TLT | neoton | TLT | streptokinase | streptokinase preparations | neoton . | neoton | neoton | Neoton,"systolic function of the left ventricle , arrhythmia and clinical symptoms | Left ventricular systolic function | arrhythmia | systolic and diastolic volumes | left ventricular systolic dysfunction"
crf_predictions,11737955,Not Found,"Antioxidant supplementation | dl-alpha-tocopheryl acetate , 200 mg ascorbic acid | placebo",exercise-induced oxidative stress | plasma concentrations of alpha-tocopherol,the 60-year-old | older adults ( 60 ( SE 1 ) years ; BMI 26 ( SE 1 ) kg/m ( 2 ) ) | 60-year-old subjects,Antioxidant supplementation | antipyrine | antioxidant supplementation | dl-alpha-tocopheryl acetate | ascorbic acid | beta-carotene | placebo | Antipyrine | antioxidant supplementation,para- and ortho-hydroxyantipyrine to antipyrine . | thiobarbituric acid reactive substances in plasma . | free radical products of antipyrine .
crf_predictions,11750293,Twenty-two,Not Found,"illness perceptions , pain | disability , pain",recent onset rheumatoid arthritis : | patients with recently diagnosed rheumatoid arthritis ( RA ) | Twenty-two patients with a history of recently diagnosed RA of less than 2 years | 22 patients,standard outpatient clinic treatment,"disability | illness perceptions | pain | coping | depression . | clinical outcome and process measures | predict depression | depression , disability , pain , beliefs about the consequences of arthritis and coping strategies ."
crf_predictions,11829043,Not Found,audiotaped instructions,anxiety level and self-reported quality of life | Chinese State-Trait Anxiety Inventory ( C-STAI ) | Quality of Life Index for Colostomy ( QoL-Colostomy ) | World Health Organisation Quality of Life Scale | C-STAI score | physical health/independence and general perception of QoL | quality of life and decrease state anxiety,patients after stoma surgery . Eighteen patients who had undergone stoma surgery | patients after stoma surgery .,progressive muscle relaxation training | progressive muscle relaxation training ( PMRT ) | PMRT,"anxiety level and self-reported quality of life ( QoL ) | Chinese State-Trait Anxiety Inventory ( C-STAI ) , the Quality of Life Index for Colostomy ( QoL-Colostomy ) and the Hong Kong Chinese version of the World Health Organisation Quality of Life Scale ( WHOQoL ) . | C-STAI score | WHOQoL score | WHOQoL | QoL | QoL-Colostomy | quality of life | anxiety"
crf_predictions,11891832,44 patients with inclusion body myositis,methotrexate | placebo,"weakness progression | Mean change of quantitative muscle strength testing sum scores | Quantitative muscle strength testing sum scores | manual muscle testing sum scores , activity scale scores | Serum creatine kinase activity",inclusion body myositis | 44 patients with inclusion body myositis,methotrexate | placebo . | methotrexate | methotrexate | placebo | methotrexate | methotrexate,"weakness progression | disease progression | Mean change of quantitative muscle strength testing sum scores | Quantitative muscle strength testing sum scores | manual muscle testing sum scores , activity scale scores and patients ' own assessments | Serum creatine kinase activity | progression of muscle weakness | serum creatine kinase activity ."
crf_predictions,12139812,208,Not Found,Not Found,pterygium | pterygium . | 208 patients | initial pterygium,[ Limbal epithelial autograft transplantation | limbal epithelial autograft transplantation | pterygium excision | excision of pterygium | limbal epithelial autograft transplantation surgery | simple pterygium excision | limbal epithelial autograft transplantation,epithelial healing | abnormal proliferation of pterygium-like tissue .
crf_predictions,12477021,Not Found,Not Found,intra-ocular pressure ( IOP ),Thirty-five university students were assessed,Reichert AT550 : | Reichert AT550 . | Reichert Xpert Plus | Goldmann applanation tonometer | Perkins tonometer . | AT550 NCT | Goldmann tonometer | AT550 NCT | Goldmann tonometry,Clinical performance | level of accuracy | measurements | IOP
crf_predictions,12576806,57 | primary ureteropelvic junction obstruction,Not Found,symptom based questionnaire | incidence of urinary tract infections,57 | patients with primary ureteropelvic junction obstruction,stenting | Internal stenting | stenting | 7/14Fr internal endopyelotomy stent placement,optimum duration of stenting | symptoms | ipsilateral glomerular filtration rate . | drainage pattern . | Stent related symptoms | urinary tract infections | duration | stent related complications .
crf_predictions,12586799,advanced nasopharyngeal carcinoma | advanced NPC . | 284 patients with 1992 American Joint Committee on Cancer stage III to IV ( M0 ) NPC,chemoradiotherapy | radiotherapy | concurrent chemoradiotherapy ( CCRT ) | cisplatin | fluorouracil | RT-alone,progression-free survival | tumor relapse | 5-year overall survival rates | 5-year progression-free survival rates | toxicity | leukopenia and emesis | deaths,advanced nasopharyngeal carcinoma : | patients with advanced NPC . | From December 1993 to April 1999 | 284 patients with 1992 American Joint Committee on Cancer stage III to IV ( M0 ) NPC | patients with advanced NPC,concurrent chemoradiotherapy | radiotherapy | concurrent chemoradiotherapy ( CCRT ) | radiotherapy ( RT ) | chemotherapy | cisplatin | fluorouracil | CCRT | RT-alone | CCRT | RT-only | CCRT | RT-only | CCRT | CCRT | RT,overall and progression-free survival . | Survival analysis | tumor relapse | 5-year overall survival rates | 5-year progression-free survival rates | toxicity | leukopenia | emesis | treatment-related deaths
crf_predictions,12595499,Not Found,placebo | Ramipril | Ramipril prevents,microalbuminuria or new clinical proteinuria ),people at high cardiovascular risk | people with diabetes | 7674 participants with albuminuria data at baseline and at follow-up | nondiabetic and in diabetic people .,ramipril 's | placebo | Ramipril | Ramipril,clinical proteinuria | progression of albuminuria | microalbuminuria | clinical proteinuria . | progression | albuminuria . | progression of albuminuria .
crf_predictions,12709693,Not Found,remifentanil | propofol | fentanyl | midazolam,"quality of the analgesia | Numerical Pain Rating Scale ( NRS ) ; recovery level and return of psychomotor efficiency | average pain intensity score | maximum MPADS score | mean arterial pressure and heart rate and signs of respiratory depression | hemodynamic stability , minor respiratory depression",outpatient colonoscopy . | 100 adult patients,remifentanil | propofol | fentanyl | midazolam | propofol | remifentanil | propofol | midazolam | fentanyl | propofol | remifentanil | propofol | fentanyl | midazolam | propofol | remifentanil | propofol,Cardiorespiratory parameters | bispectral index | Numerical Pain Rating Scale ( NRS ) | recovery level | return of psychomotor efficiency | Aldrete scale | Modified Post Anesthesia Discharge Scoring ( MPADS ) system | pain intensity score | maximum MPADS score | mean arterial pressure and heart rate and signs of respiratory depression | analgesia | hemodynamic stability | respiratory depression | rapid recovery
crf_predictions,1286547,borderline hypertensive patients with IDDM-type diabetes mellitus | borderline hypertension,dihydropyridine calcium channel blocker | nitrendipine | placebo | nitrendipine treatment,plasma levels of platelet factor 4 and aggregation responses to collagen and ADP | PF4 plasma levels,borderline hypertensive patients with IDDM-type diabetes mellitus . Twenty-nine IDDM patients with borderline hypertension | diabetic patients with borderline hypertension .,dihydropyridine calcium channel blocker | nitrendipine | placebo | nitrendipine | Nitrendipine | placebo | nitrendipine | nitrendipine | nitrendipine,platelet thromboxane formation | Stimulated platelet thromboxane formation | plasma levels of platelet factor 4 and aggregation responses to collagen and ADP | thromboxane formation | Exercise induced change of thromboxane synthesis | PF4 plasma levels | Whole blood aggregation after collagen stimulation | aggregation | collagen dependent platelet activation
crf_predictions,12960652,necrotizing enterocolitis or pyloric stenosis.All infants,Not Found,Not Found,"infants | gastrointestinal diseases | infants with different gastrointestinal diseases | 21 patients | age 0-2 months | 40 healthy infants | age 0-2 months | patients suffered from partial or total intestinal obstruction , necrotizing enterocolitis or pyloric stenosis.All infants were fasting",epigastric impedance | Epigastric impedance | epigastric impedance | epigastric impedance,epigastric impedance | phasic activity | frequency phasic activity | phasic activity
crf_predictions,1459268,Forty-eight,gonadotropin-releasing hormone agonist | gonadotropin-releasing hormone agonist ( GnRH-a ) | GnRH-a,"Response to ovarian stimulation and occurrence of spontaneous luteinizing hormone ( LH ) surges | ovulation induction , fertilization , and pregnancy rates",in vitro fertilization ( IVF ) | Forty-eight patients having IVF for the first time | undergoing IVF,gonadotropin-releasing hormone agonist | gonadotropin-releasing hormone agonist ( GnRH-a ) | GnRH-a .,"usefulness | Response to ovarian stimulation and occurrence of spontaneous luteinizing hormone ( LH ) surges . | ovulation induction , fertilization , and pregnancy rates | LH surge ."
crf_predictions,14679127,advanced epithelial ovarian carcinoma | advanced epithelial ovarian cancer,topotecan | paclitaxel,"Cancer Quality of Life ( EORTC QOL ) -C30 questionnaire | anorexia , diarrhoea , fatigue | nausea and vomiting | dyspnea , constipation and insomnia ) | median time to progression | median survival | non-cumulative haematological toxicity | Non-haematological toxicity",advanced epithelial ovarian carcinoma . | patients with advanced epithelial ovarian cancer who had failed one prior platinum-based regimen . | Patients with bidimensionally measurable disease | 226 | ovarian cancer .,topotecan | paclitaxel | topotecan | paclitaxel | topotecan | paclitaxel | topotecan | paclitaxel | topotecan | paclitaxel | Topotecan | paclitaxel | topotecan,European Organisation for Research and Treatment of Cancer Quality of Life ( EORTC QOL ) -C30 questionnaire | pain | anorexia | diarrhoea | fatigue | nausea | vomiting | dyspnea | constipation | insomnia | progression | median survival | efficacy | survival | haematological toxicity . Non-haematological toxicity
crf_predictions,14739125,Not Found,torcetrapib | placebo,high-density lipoprotein cholesterol ( HDL-C ) levels | CETP inhibition | Total plasma cholesterol | low-density lipoprotein cholesterol,healthy young | Five groups of 8 subjects each,torcetrapib . | cholesteryl ester transfer protein ( CETP ) inhibitor torcetrapib | placebo | torcetrapib | Torcetrapib,plasma drug levels | Total plasma cholesterol | nonHDL-C | low-density lipoprotein cholesterol | Apolipoprotein A-I and E | apoB | Cholesteryl ester content | triglyceride
crf_predictions,14763035,Not Found,Valsartan | selective angiotensin II receptor blocker ( ARB ) | ARB valsartan | placebo,"large-artery compliance and arterial wave reflections [ pulse wave velocity ( PWV ) and augmentation index ( AI ) application tonometry ] | body weight , BP | serum creatinine , electrolytes , complete blood cell counts | urine volume , drainage volume , and weekly creatinine clearance | Systolic and diastolic BP",left ventricular hypertrophy | patients on continuous ambulatory peritoneal dialysis ( CAPD ) . | 24 CAPD patients with LVH [ left ventricular mass index ( LVMi ) > 110 g/m2 for women | LVMi > 137 g/m2 for men,Valsartan | selective angiotensin II receptor blocker ( ARB ) | ARB valsartan | placebo | ARB . | ARB | placebo | ARB,"blood pressure ( BP ) | aortic and large-artery compliance | arterial wave reflections [ pulse wave velocity ( PWV ) | augmentation index ( AI ) application tonometry ] | cardiac echocardiography . | body weight , BP ( mercury sphygmomanometer ) , serum creatinine , electrolytes , complete blood cell counts , urine volume , drainage volume , and weekly creatinine clearance . | Systolic and diastolic BP | LVMi | LVMi | PWV | AI | LVMi"
crf_predictions,15014018,713 | high-risk resected melanoma,adjuvant high-dose interferon | IFN-alpha 2b therapy | IFN-alpha 2b ( HDI ),relapse-free survival | ulceration,Nearly 2000 patients with stage IIB and III melanoma | patients with high-risk resected melanoma,interferon | IFN-alpha 2b | IFN-alpha 2b ( HDI ) | Obs | HDI | Obs | HDI | Obs,relapse-free survival ( RFS ) | overall survival ( OS ) | RFS | OS | RFS | OS
crf_predictions,15133359,Thirty-four,"INTRODUCTION Biventricular pacing system implantation | dedicated guiding catheters ( guiding catheter alone positioning strategy , GCA ) or with the aid of an electrophysiology catheter advanced inside the guiding catheter ( electrophysiology catheter aided positioning strategy | conventional GCA technique | EPA",CS cannulation time | Time to successful catheterization of CS | Fluoroscopy time | Total contrast dye volume to search and engage the CS ostium | fluoroscopy time and contrast dye volume,biventricular implantation | Thirty-four consecutive patients,catheters | guiding catheter alone | GCA | electrophysiology catheter advanced | electrophysiology catheter aided | EPA | GCA | GCA | EPA | EPA | GCA | EPA | GCA | EPA | GCA,"CS cannulation time | Time to successful catheterization of CS | Fluoroscopy time | contrast dye volume | procedural time , fluoroscopy time | contrast dye volume"
crf_predictions,15193668,autism,view two videotapes of a boy engaging,peers ' perceptions and behavioral intentions | Children responded to measures of attitudes ( Adjective Checklist ) and behavioral intentions | attitudes and behavioral intentions,peers | peers | child with autism . Children | 576 | M age = 10.06 | children 's,descriptive ( AUT-D ) | descriptive and explanatory information ( AUT-D + E ) . | descriptive and explanatory information,peers ' perceptions | peers ' perceptions | behavioral intentions | ( Adjective Checklist ) | ( Shared Activities Questionnaire ) | children 's attitudes | behavioral intentions
crf_predictions,15358868,adults | autism | children,Not Found,Not Found,adults with autism . | adults with autism . | adults with autism,,searching for targets . | visual search performance | visual discrimination ability . | unique item detection
crf_predictions,15848261,Twenty-six | Thirteen,conventional physical therapy alone | physical therapy ( control group ),Gait spatiotemporal parameters | Gait velocity | walking pattern,stroke patients ] | post-acute hemiparetic patients | Twenty-six patients within 3 months of onset of stroke,conventional physical therapy alone | specialised balance retraining program | physical therapy | therapy and retraining | conventional therapy | therapy | standing balance training by biofeedback ( BPM Monitor ) | conventional therapy .,gait improvement | Gait spatiotemporal parameters | clinical scores | time between stroke and the beginning of walking | Gait velocity | walking pattern | duration of the paretic limb single stance . | duration of the reception double stance on the paretic limb
crf_predictions,15854186,Not Found,Cophenylcaine spray | placebo | cophenylcaine,unpleasantness of taste and overall discomfort | pain | sensation of bad taste,flexible nasendoscopy : | 98 patients | flexible nasendoscopy . | flexible nasendoscopy .,Cophenylcaine | placebo | cophenylcaine | placebo | cophenylcaine | cophenylcaine,"pain , unpleasantness of taste and overall discomfort experienced . | pain and discomfort | pain or overall discomfort | sensation of bad taste | unpleasantness | pain | unpleasantness of taste ."
crf_predictions,15858959,children | Two hundred children,placebo,average stool frequency | duration of diarrhoea | duration of hospital stay | duration of acute diarrhoea and the duration of hospital stay,children | acute diarrhoea | children with acute diarrhoea . | Two hundred children | acute diarrhoea in children,Saccharomyces boulardii | Saccharomyces boulardii . | S. boulardii | S. boulardii | S. boulardii | placebo | placebo | S. boulardii | placebo | S. boulardii | placebo | S. boulardii | S. boulardii | placebo | placebo | S. boulardii | S. boulardii | S. boulardii,average stool frequency | duration of diarrhoea | duration of hospital stay | duration of acute diarrhoea | duration of hospital stay
crf_predictions,16167234,Forty,amino acid enriched formula | amino acid ( BCAA ) enriched formula | routine amino acid | TPN with BCAA enriched formula,"Nitrogen balance | serum total protein , albumin , prealbumin , transferrin , retinol binding protein and postoperative fatigue score | cumulative postoperative fatigue scores | cumulative nitrogen balance | serum level of retinol binding protein | postoperative fatigue score",after digestive surgery ] | digestive surgery patients . | Forty patients who underwent digestive surgery | digestive surgery patients .,amino acid enriched formula | branch chain amino acid ( BCAA ) enriched formula | BCAA enriched | routine amino acid | BCAA | BCAA-enriched | BCAA enriched formula,"postoperative fatigue | nutritional status | nutritional status | postoperative fatigue | Nitrogen balance , serum total protein , albumin , prealbumin , transferrin , retinol binding protein and postoperative fatigue score | cumulative postoperative fatigue scores | nitrogen balance | cumulative nitrogen balance | serum total protein , albumin , prealbumin , transferrin | serum level of retinol binding protein | postoperative fatigue score | nutritional status"
crf_predictions,16295154,autistic spectrum disorder | ASD,"post-diagnosis nursing intervention | usual care plus 3 hours contact with a pediatric nurse practitioner ( PNP ) for counseling , instruction",Not Found,parents of children | autistic spectrum disorder | Parents of children | diagnosis of autistic spectrum disorder ( ASD ) | parents of children with ASD,"Intervention | nursing intervention | post-diagnosis nursing intervention | usual care | contact with a pediatric nurse practitioner ( PNP ) for counseling , instruction , and assistance with implementation of the recommended treatment plan | usual care | consultation session to receive the results of diagnostic tests and a written copy of the recommended treatment plan","parents ' reports of stress | impact of event ( diagnosis ) | use of services | "" impact of event "" | "" perceived stress """
crf_predictions,16427787,Not Found,melatonin | placebo controlled functional magnetic resonance imaging ( fMRI ),homeostatic sleep need .,human,melatonin | melatonin | Melatonin | placebo | melatonin | melatonin | melatonin | melatonin,effects | task-related activity | subjective measurements of fatigue . | activation in the left parahippocampus | brain activity | fatigue
crf_predictions,16505427,Not Found,"epoetin alfa | epoetin alfa 40,000 U subcutaneously ( SC )",mean end-of-study Hb levels | Toxicities | overall survival | global quality of life ( QOL ) | global QOL improvement,anemic patients with cancer . | patients with cancer-associated anemia . | Three hundred sixty-five patients,erythropoietin | epoetin alfa | epoetin alfa | epoetin alfa | epoetin alfa | epoetin alfa | epoetin alfa | epoetin alfa .,requiring transfusions | hemoglobin ( Hb ) increment | drug dose | Hb | Hb | Toxicities | thromboembolism | overall survival | global quality of life ( QOL ) | global QOL | QOL | transfusion needs | QOL . | Hb increment
crf_predictions,1669598,Not Found,Local immunotherapy by inhalation of a powder extract | local immunotherapy ( LI ) by inhalation of a powder extract of house dust mite ( HDM ) | placebo | methacholine and ultrasonically nebulized distilled water,peak expiratory flow ( PEF ) -derived parameters | systemic side effects,10 patients with asthma due to HDM,immunotherapy | immunotherapy | local immunotherapy | powder extract of house dust mite ( HDM ) | parenteral immunotherapy ( PI ) | placebo | lactose | disodium cromoglycate ( DSCG ),efficacy | tolerability | symptoms score | peak expiratory flow ( PEF ) -derived parameters | bronchial response | bronchial responsiveness | immunologic humoral and cellular parameters in peripheral blood | local important adverse reactions | systemic side effects | systemic side effects .
crf_predictions,17293018,77,Not Found,Not Found,patients with C. difficile-associated diarrhea ( CDAD ) | 77 patients with CDAD | patients with CDAD . | individuals with CDAD,whey protein concentrate | whey protein concentrate | immunized against Clostridium difficile ( C. | anti-C. difficile whey protein concentrate ( anti-CD WPC ) | anti-CD WPC | regular whey protein concentrate . | anti-CD WPC | anti-CD WPC | anti-CD WPC,safe | safe
crf_predictions,17321989,acute myeloid leukemia and myelodysplastic syndromes | acute myeloid leukemia ( AML ) or myelodysplastic syndromes,itraconazole capsules | fluconazole capsules | fluconazole | itraconazole | chemotherapy,Adverse events | frequency of infection,patients with acute myeloid leukemia and myelodysplastic syndromes : | Japanese | patients with acute myeloid leukemia ( AML ) or myelodysplastic syndromes ( MDS ) during and after chemotherapy . | patients with AML or MDS who received chemotherapy,itraconazole | fluconazole | fluconazole | itraconazole | itraconazole | fluconazole,Adverse events | probable or possible infections | frequency of infection
crf_predictions,17616069,Not Found,trivalent ferrum preparation | 500 mg of sacharose ferric oxide | intravenous trivalent saccharose ferric oxide treatment,effectivity and safeness | serum values of soluble transferrin receptors and ferritin,postpartum | Prague | Prague | 50 women | clinical and lab signs of postpartal anemia,trivalent ferrum preparation ] | trivalent ferrum preparation . | sacharose ferric oxide ( Venofer ) | Venofer | trivalent saccharose ferric oxide,effectivity | safeness | values of red blood count | serum values of soluble transferrin receptors and ferritin | iron cell saturation | body iron reserves | adverse events | effective | serious adverse event
e2e_biobert_predictions,10070173,seasonal allergic rhinitis | seasonal allergic rhinitis ( SAR ) | Two hundred and eighty-four | SAR,budesonide Turbuhaler | budesonide aqua | budesonide | Turbuhaler | aqua,Mean daily nasal symptom scores | eye symptoms | nasal | epistaxis and headache | unpleasant taste | nasal irritation | quality of life | safe,seasonal allergic rhinitis . | Two hundred and eighty-four out-patients | SAR | symptomatic during the ragweed season | 243 | SAR .,budesonide Turbuhaler | budesonide aqua | budesonide Turbuhaler | budesonide aqua | budesonide . | Turbuhaler | Turbuhaler | aqua spray | budesonide aqua | budesonide Turbuhaler | budesonide powder | Turbuhaler | aqua,patients ' preferences | quality of life . | Mean daily nasal symptom scores | eye symptoms . | nasal and non-nasal adverse events | epistaxis | headache . | nasal irritation | quality of life | safe | efficacious
e2e_biobert_predictions,10390665,children | 90 paediatric | aged 4-10 years,granisetron | perphenazine | granisetron 40 | perphenazine 70,Anti-emetic efficacy | post-operative | complete response | no emesis | clinically serious adverse events,children . | tonsillectomy with or without adenoidectomy | children | 90 paediatric patients | ASA I | aged 4-10 years | children undergoing general anaesthesia for tonsillectomy,granisetron | perphenazine | granisetron | perphenazine | granisetron | perphenazine | granisetron | perphenazine | granisetron | perphenazine,"Anti-emetic efficacy | prevention | efficacy | complete response , defined as no emesis with no need for another rescue antiemetic | corresponding incidence | adverse events | long-term prevention | post-operative vomiting"
e2e_biobert_predictions,10475150,healthy volunteers | primary hypothyroidism | 8 healthy volunteers | 6 women,somatostatin ( octreotide ) | saline | octreotide ( Sandostatin | octreotide,melatonin secretion | urinary excretion of melatonin | GH secretion | nocturnal melatonin secretion | total nocturnal secretion of TSH,healthy volunteers and in patients with primary hypothyroidism . | 8 healthy volunteers | 6 women | untreated primary hypothyroidism | healthy volunteers | patients with hypothyroidism | normal subjects and in patients with primary hypothyroidism,somatostatin ( octreotide ) | Somatostatin | somatostatin | saline | octreotide ( Sandostatin ; | octreotide | saline . | octreotide | octreotide | saline ; | octreotide | saline . | octreotide | octreotide | saline ; | octreotide | somatostatin . | somatostatin | octreotide | somatostatin,melatonin secretion | melatonin secretion . | melatonin secretion | nocturnal melatonin secretion | melatonin secretion | urinary excretion of melatonin | GH secretion | nocturnal melatonin secretion | Urinary excretion of melatonin | total nocturnal secretion of TSH | nocturnal secretion and urinary excretion of melatonin
e2e_biobert_predictions,10578479,premenopausal women | 36 premenopausal women | 20,soy intake | soy | soy products | normal diet | soy beverage containing,"sex hormone metabolism | serum estrone , estradiol , sex hormone-binding globulin , dehydroepiandrosterone sulfate , prolactin , or progesterone concentrations | menstrual cycle length | urinary estrogen metabolite ratio of 2-hydroxyestrone to 16 alpha-hydroxyestrone | Levels of urinary estrogen metabolites | menstrual cycle | serum sex hormones | urinary estrogen metabolite ratio",premenopausal women . | 36 premenopausal women | 20 | used OC | premenopausal OC | non-OC users .,soy | soy | soy | soy | soy beverage | soy | soy,"sex hormone metabolism | sex hormone metabolism | serum estrone , estradiol , sex hormone-binding globulin , dehydroepiandrosterone sulfate , prolactin , or progesterone concentrations | menstrual cycle length or the urinary estrogen metabolite ratio of 2-hydroxyestrone to 16 alpha-hydroxyestrone | urinary estrogen metabolites | menstrual cycle , serum sex hormones , or urinary estrogen metabolite ratio"
e2e_biobert_predictions,10589810,40 | 20,root instrumentation | conventional steel | root instrumentation using plastic curettes | conventional steel curettes | active peridontal therapy | supportive periodontal care visit ( SPT ) | plastic curettes,bleeding on probing ( BOP ) and | probing pocket depth ( PPD ) | BOP percentage | BOP and | PPD,40 subjects | 20 | 20,plastic curettes | conventional steel curettes | conventional steel curettes | plastic curettes | non-root substance removing curettes,Clinical effects | clinical effects | bleeding on probing ( BOP ) and probing pocket depth ( PPD ) | BOP percentage | BOP and PPD | BOP percentage | BOP | BOP
e2e_biobert_predictions,10763172,61 | Rhinitis,xylometazoline and | dexpanthenol | Xylometazoline with Dexpanthenol ( Nasic ) | Xylometazoline alone | nasal-spray | verum | placebo | Xylometazoline-Dexpanthenol nasal-spray | Xylometazoline nasal spray | Xylometazoline-Dexpanthenol | Xylometazoline,wound healing | efficacy | nasal-breathing-resistance | tolerability,after nose surgery | 61 inpatients with the diagnosis Rhinitis following nasal operation | patients following nasal operations | rhinitis following nasal operation,xylometazoline | dexpanthenol ] | Xylometazoline | Dexpanthenol ( Nasic ) | Xylometazoline | verum | placebo | Xylometazoline-Dexpanthenol | Xylometazoline | Xylometazoline-Dexpanthenol | Xylometazoline,wound healing | efficacy | tolerability | nasal-breathing-resistance according to scores | efficacy | tolerability | compliance | improvement | efficacy | tolerability
e2e_biobert_predictions,10764172,hysterectomy | Forty,Intrathecal | morphine | intrathecal 0.5 mg morphine | intrathecal 0.1 mg morphine | inhalation anesthesia alone,NK | blood NK cell activity | postoperative pain score | side effects | NK cell activity | NK cell activities | plasma adrenaline nor noradrenaline concentrations | plasma cortisol levels | pain score,underwent hysterectomy | Forty patients were divided into four groups of ten .,morphine | morphine | morphine | morphine | morphine | morphine,NK cell activity | natural killer ( NK ) cell activity | postoperative pain score and side effects | NK cell activity | NK cell activities | plasma adrenaline | noradrenaline concentrations | plasma cortisol levels | pain score
e2e_biobert_predictions,10912743,hypertensive patients | hypertensive | hypertensives | 142 | 76 men | 66 women | 71,aspirin | vitamin E,clinic | blood pressure ( BP ) | clinic SBP and DBP | Ambulatory SBP and DBP | BP,treated hypertensive patients . | hypertensive patients receiving drug treatment | people with one or more cardiovascular risk factors . | hypertension | 142 hypertensive | 76 men | 66 women | mean age 59 +/- 5.9 years | treated with different antihypertensive drugs,aspirin | aspirin | aspirin | aspirin | vitamin E | aspirin | aspirin | aspirin | aspirin | aspirin,clinic and ambulatory blood pressure | blood pressure ( BP ) control | clinic and ambulatory systolic ( SBP ) and diastolic ( DBP ) BP | clinic BP | 24-h ambulatory BP monitoring | clinic SBP and DBP | Ambulatory SBP and DBP | BP
e2e_biobert_predictions,10934569,children | pervasive developmental disorder | Young children | 7 | autism | 8,intensive early intervention | intensive treatment | parent training,"intelligence , visual-spatial skills , language , and academics | adaptive functioning or behavior problems",children | pervasive developmental disorder | Young children | pervasive developmental disorder | 7 | autism | 8 | pervasive developmental disorder not otherwise specified -- NOS | 7 with autism | 6 with pervasive developmental disorder NOS | Children | pervasive developmental disorder,intensive early intervention | intensive treatment | parent training . | intensive treatment | parent training | parent training . | intensive treatment | parent training,intelligence | visual-spatial skills | language | academics | adaptive functioning | behavior problems .
e2e_biobert_predictions,10940525,dogs | 397,selamectin | positive-control | fenthion | pyrethrins | selamectin-treated,Efficacy and safety | Flea burdens | flea comb counts | mean flea counts,"dogs and cats presented as veterinary patients in North America . | dogs and cats | dogs and cats showing signs of flea allergy dermatitis ( FAD ) . | Dogs and cats with naturally occurring flea infestations , some of which also had signs associated with FAD | 220 dogs , 189 cats | dogs and cats diagnosed clinically with FAD . | 397 dogs free of adult heartworm infection from four heartworm-endemic areas of the USA | 673 dogs and 347 cats | 19 purebred or crossbred Collies ( Bearded , Border , and unspecified ) . | dogs and cats | dogs and cats .",selamectin | selamectin | selamectin | selamectin | selamectin | fenthion | pyrethrins | Selamectin | selamectin-treated | Selamectin | selamectin | ivermectin | Selamectin | Selamectin | selamectin | Selamectin,Efficacy | safety | efficacy | safety | flea comb counts | clinical evaluations of FAD | mean flea counts | mean flea counts | mean flea counts | mean flea counts | heartworm prevention rate | adverse events . | effective | signs associated with FAD . | heartworms | safe
e2e_biobert_predictions,11099086,children | infants | 201 | acute invasive diarrhea,Oral | ciprofloxacin | intramuscular ceftriaxone | ciprofloxacin suspension | im ceftriaxone | ceftriaxone,efficacy and safety | Stool | Clinical response and safety | Overall bacteriologic eradication | Clinical cure or improvement | Serum ciprofloxacin values,acute invasive diarrhea | children | children . | acute invasive diarrhea | infants and children | 201 | children ages 6 months to 10 years ( 35 % < 1 year ; 70 % < 3 years ) presenting with acute invasive diarrhea at the Pediatric Emergency Room | ambulatory pediatric patients requiring an emergency room visit .,ciprofloxacin | ceftriaxone | ceftriaxone | ciprofloxacin | ciprofloxacin | ceftriaxone | ciprofloxacin | ceftriaxone | ciprofloxacin | ciprofloxacin | ceftriaxone | ciprofloxacin | ceftriaxone,"efficacy | safety | Stool cultures for Shigella , Salmonella , Campylobacter spp . and diarrheagenic Escherichia coli | Clinical response and safety | Clinical cure or improvement | adverse events | Joint examination | safe | effective"
e2e_biobert_predictions,11229858,children | malaria,antipyretic drugs | antipyretics | naproxen | metamizol | Antipyretic treatment,fever peaks | fever clearance,children | malaria | children | malaria | malaria .,antipyretic drugs | antipyretics | naproxen | metamizol | Antipyretic,reduction of fever peaks . | fever clearance
e2e_biobert_predictions,1131298,10 healthy,garlic and onion | ether-extracted essential oils | Garlic | onion,alimentary | serum cholesterol and plasma fibrinogen | decreases in coagulation time and fibrinolytic activity,10 healthy subjects,essential oils of garlic and onion | garlic and onion | garlic or onion | essential oils | Garlic and onion | garlic | onion . | garlic and onion,serum cholesterol and plasma fibrinogen | coagulation time | fibrinolytic activity . | effects
e2e_biobert_predictions,11317090,persons | osteoarthritis | 249 adults | 55 to 75,aquatic exercise | Arthritis | aquatic classes,Cost | Quality of Well-Being Scale ( QWB ) | Current Health Desirability Rating ( CHDR ) | arthritis-specific Health Assessment Questionnaire ( HAQ ) | Center for Epidemiologic Studies-Depression Scale ( CES-D ) | Perceived Quality of Life Scale ( PQOL ) | costs/QALY | health-related quality of life,persons with osteoarthritis . | 249 adults from Washington State aged 55 to 75 | doctor-confirmed diagnosis of osteoarthritis,aquatic exercise | aquatic exercise classes | aquatic classes . | aquatic classes . | Aquatic exercisers | Aquatic exercise | aquatic exercise .,"Economic evaluation | cost | outcomes | Cost per quality-adjusted life year ( QALY ) | cost/QALY | Quality of Well-Being Scale ( QWB ) | Current Health Desirability Rating ( CHDR ) | arthritis-specific Health Assessment Questionnaire ( HAQ ) , Center for Epidemiologic Studies-Depression Scale ( CES-D ) | Perceived Quality of Life Scale ( PQOL ) | QALYs . Use of health care facilities | Medicare reimbursement rates | costs/QALY ratios | ( QWB ) | ( CHDR , HAQ , PQOL ) | Costs/QALY | QWB | CHRD . | QALY"
e2e_biobert_predictions,11381289,Not Found,ramipril | vitamin E | ACE inhibitor therapy,"rates of death | myocardial infarction , stroke | cardiac arrest and heart failure | risk of diabetes-related complications | blood pressure",patients at high risk for cardiovascular events .,ramipril | angiotensin-converting enzyme ( ACE ) inhibitor | ramipril | vitamin E | ACE inhibitor,"rates of death , myocardial infarction , stroke , coronary revascularization , cardiac arrest and heart failure | risk of diabetes-related complications and of diabetes itself ."
e2e_biobert_predictions,11401641,open angle glaucoma | 53 | primary open angle glaucoma | capsular glaucoma | ocular hypertension,latanoprost | timolol | timolol to | latanoprost to | timolol to latanoprost | latanoprost in addition to,intraocular pressure ( IOP ) | efficacy | IOP,"patients insufficiently controlled on timolol . | patients with open angle glaucoma or ocular hypertension where IOP is not adequately controlled with timolol . | 53 patients with primary open angle glaucoma , capsular glaucoma , or ocular hypertension with an IOP of at least 21 mmHg on current therapy",timolol | latanoprost | latanoprost | timolol | timolol | timolol | timolol | latanoprost | latanoprost | timolol .,IOP-reducing | intraocular pressure ( IOP ) | IOP | IOP | IOP | IOP | IOP | IOP
e2e_biobert_predictions,11454878,Recurrent epithelial ovarian carcinoma | epithelial ovarian carcinoma | 474 | 239,pegylated liposomal doxorubicin | topotecan | pegylated liposomal doxorubicin ( PLD ) | platinum-based | PLD,efficacy and safety | overall progression-free survival rates | overall response rates | Median overall survival times | progression-free survival | overall survival | Severe hematologic toxicity | efficacy,"patients with epithelial ovarian carcinoma that recurred after or did n't respond to first-line , platinum-based chemotherapy . | Patients with measurable and assessable disease | 474",pegylated liposomal doxorubicin | topotecan . | pegylated liposomal doxorubicin ( PLD ) | topotecan | PLD | topotecan | PLD | topotecan | PLD | topotecan | PLD | topotecan | PLD | PLD | topotecan . | PLD | topotecan | topotecan | topotecan | PLD,efficacy | safety | overall progression-free survival rates | overall response rates | Median overall survival times | overall survival | Severe hematologic toxicity | efficacy | safety
e2e_biobert_predictions,11495215,nonsmokers | Women | Sixty healthy women,Oral contraceptive | oral | OC | OCs | nicotine deprivation | administration of | nicotine gum | nicotine,"cardiovascular reactivity | cardiovascular and lipid reactivity | Heart rate , blood pressure | smoking status | heart rate and | diastolic blood pressure reactivity to stress | cardiovascular or lipid stress reactivity","Sixty healthy women , half of whom had been using OCs for at least the previous 6 months | two thirds were smokers | One third were nonsmokers .",Oral contraceptive | oral contraceptives ( OCs ) | nicotine | nicotine | OC | nicotine | OC | nicotine | nicotine | OC,"cardiovascular reactivity | cardiovascular and lipid reactivity . | Heart rate , blood pressure , and lipid measures | heart rate and diastolic blood pressure reactivity | cardiovascular or lipid stress reactivity | cardiovascular reactivity"
e2e_biobert_predictions,11642083,myocardial infarction | 106 males | Q-MI,Neoton | thrombolytic therapy | neoton therapy | thrombolytic therapy ( TLT ) | TLT | TLT with streptokinase preparations | streptokinase preparations and,systolic function of the left ventricle | Left ventricular systolic function | arrhythmia | progression of left ventricular dilation | end systolic and diastolic volumes of the left ventricle | Antiarrhythmic action | left ventricular systolic dysfunction,myocardial infarction | patients on thrombolytic therapy ( TLT ) . | 106 males | Q-MI,Neoton | thrombolytic therapy | neoton | thrombolytic therapy ( TLT ) | TLT | neoton | TLT | streptokinase | streptokinase preparations | neoton . | neoton | neoton | Neoton,"systolic function of the left ventricle , arrhythmia and clinical symptoms | Left ventricular systolic function | arrhythmia | systolic and diastolic volumes | left ventricular systolic dysfunction"
e2e_biobert_predictions,11737955,60-year-old | older adults | 60 (,Antioxidant supplementation | antipyrine | 100 mg dl-alpha-tocopheryl acetate | ascorbic acid | placebo | antioxidant,plasma concentrations of alpha-tocopherol and beta-carotene | exercise-induced | ratios para- and ortho-hydroxyantipyrine to antipyrine | exercise-induced increase | thiobarbituric acid reactive substances in plasma,the 60-year-old | older adults ( 60 ( SE 1 ) years ; BMI 26 ( SE 1 ) kg/m ( 2 ) ) | 60-year-old subjects,Antioxidant supplementation | antipyrine | antioxidant supplementation | dl-alpha-tocopheryl acetate | ascorbic acid | beta-carotene | placebo | Antipyrine | antioxidant supplementation,para- and ortho-hydroxyantipyrine to antipyrine . | thiobarbituric acid reactive substances in plasma . | free radical products of antipyrine .
e2e_biobert_predictions,11750293,recent onset rheumatoid arthritis | Twenty-two | 22,standard outpatient clinic treatment,depressed | depression | initial level of depression | disability | pain | beliefs about the consequences of arthritis | coping strategies,recent onset rheumatoid arthritis : | patients with recently diagnosed rheumatoid arthritis ( RA ) | Twenty-two patients with a history of recently diagnosed RA of less than 2 years | 22 patients,standard outpatient clinic treatment,"disability | illness perceptions | pain | coping | depression . | clinical outcome and process measures | predict depression | depression , disability , pain , beliefs about the consequences of arthritis and coping strategies ."
e2e_biobert_predictions,11829043,stoma surgery | Eighteen,progressive muscle relaxation training | control | audiotaped instructions on | progressive muscle relaxation training ( PMRT ) | PMRT,anxiety level | self-reported quality of life ( QoL ) | Chinese State-Trait Anxiety Inventory ( C-STAI ) | Quality of Life Index for Colostomy ( QoL-Colostomy ) | Hong Kong Chinese version of the World Health Organisation Quality of Life Scale ( WHOQoL ) | C-STAI score | WHOQoL score | WHOQoL | physical health/independence | general perception of QoL | quality of life | state anxiety,patients after stoma surgery . Eighteen patients who had undergone stoma surgery | patients after stoma surgery .,progressive muscle relaxation training | progressive muscle relaxation training ( PMRT ) | PMRT,"anxiety level and self-reported quality of life ( QoL ) | Chinese State-Trait Anxiety Inventory ( C-STAI ) , the Quality of Life Index for Colostomy ( QoL-Colostomy ) and the Hong Kong Chinese version of the World Health Organisation Quality of Life Scale ( WHOQoL ) . | C-STAI score | WHOQoL score | WHOQoL | QoL | QoL-Colostomy | quality of life | anxiety"
e2e_biobert_predictions,11891832,inclusion body myositis | 44,methotrexate | placebo | oral | placebo-controlled,weakness | Mean change of quantitative muscle strength testing sum scores | Quantitative muscle strength testing sum scores | manual muscle testing sum scores | activity scale scores | patients ' own assessments | Serum creatine kinase activity | progression of muscle weakness,inclusion body myositis | 44 patients with inclusion body myositis,methotrexate | placebo . | methotrexate | methotrexate | placebo | methotrexate | methotrexate,"weakness progression | disease progression | Mean change of quantitative muscle strength testing sum scores | Quantitative muscle strength testing sum scores | manual muscle testing sum scores , activity scale scores and patients ' own assessments | Serum creatine kinase activity | progression of muscle weakness | serum creatine kinase activity ."
e2e_biobert_predictions,12139812,pterygium | 208 | 229,Limbal epithelial autograft transplantation | pterygium excision | excision of pterygium with limbal epithelial autograft transplantation surgery | simple pterygium excision,corneal transparency,pterygium | pterygium . | 208 patients | initial pterygium,[ Limbal epithelial autograft transplantation | limbal epithelial autograft transplantation | pterygium excision | excision of pterygium | limbal epithelial autograft transplantation surgery | simple pterygium excision | limbal epithelial autograft transplantation,epithelial healing | abnormal proliferation of pterygium-like tissue .
e2e_biobert_predictions,12477021,Thirty-five,Reichert AT550 | non-contact tonometer ( NCT ) | Reichert Xpert Plus | Goldmann applanation tonometer | Perkins tonometer | non-contact tonometry | contact | Goldmann,intra-ocular pressure ( IOP ),Thirty-five university students were assessed,Reichert AT550 : | Reichert AT550 . | Reichert Xpert Plus | Goldmann applanation tonometer | Perkins tonometer . | AT550 NCT | Goldmann tonometer | AT550 NCT | Goldmann tonometry,Clinical performance | level of accuracy | measurements | IOP
e2e_biobert_predictions,12576806,57 | primary ureteropelvic junction obstruction,stenting | Internal stenting | 7/14Fr | internal endopyelotomy stent placement | diuretic | diuretic renography,symptom based | drainage pattern | Stent related symptoms | urinary tract infections | stent related complications,57 | patients with primary ureteropelvic junction obstruction,stenting | Internal stenting | stenting | 7/14Fr internal endopyelotomy stent placement,optimum duration of stenting | symptoms | ipsilateral glomerular filtration rate . | drainage pattern . | Stent related symptoms | urinary tract infections | duration | stent related complications .
e2e_biobert_predictions,12586799,advanced nasopharyngeal carcinoma | advanced NPC | 284,concurrent chemoradiotherapy | radiotherapy alone | concurrent chemoradiotherapy ( CCRT ) | radiotherapy ( RT ) alone | RT | concurrent chemotherapy | CCRT | RT-alone | RT-only,overall | Survival | tumor relapse | 5-year overall survival rates | 5-year progression-free survival rates | toxicity | leukopenia and emesis | treatment-related deaths,advanced nasopharyngeal carcinoma : | patients with advanced NPC . | From December 1993 to April 1999 | 284 patients with 1992 American Joint Committee on Cancer stage III to IV ( M0 ) NPC | patients with advanced NPC,concurrent chemoradiotherapy | radiotherapy | concurrent chemoradiotherapy ( CCRT ) | radiotherapy ( RT ) | chemotherapy | cisplatin | fluorouracil | CCRT | RT-alone | CCRT | RT-only | CCRT | RT-only | CCRT | CCRT | RT,overall and progression-free survival . | Survival analysis | tumor relapse | 5-year overall survival rates | 5-year progression-free survival rates | toxicity | leukopenia | emesis | treatment-related deaths
e2e_biobert_predictions,12595499,diabetes | 9297 | 3577 | 1956 | microalbuminuria | 7674,ramipril 's | placebo | Ramipril,renal | clinical proteinuria | progression of albuminuria | microalbuminuria | albuminuria,people at high cardiovascular risk | people with diabetes | 7674 participants with albuminuria data at baseline and at follow-up | nondiabetic and in diabetic people .,ramipril 's | placebo | Ramipril | Ramipril,clinical proteinuria | progression of albuminuria | microalbuminuria | clinical proteinuria . | progression | albuminuria . | progression of albuminuria .
e2e_biobert_predictions,12709693,outpatient colonoscopy | 100 adult | 50,remifentanil | propofol | total intravenous anesthesia | fentanyl | midazolam | conscious analgesia/sedation ( Sedation | total intravenous anesthesia ( TIVA,Cardiorespiratory parameters | Numerical Pain Rating Scale ( NRS ) | recovery level | colonoscopy painless | average pain intensity score | mean arterial pressure | analgesia,outpatient colonoscopy . | 100 adult patients,remifentanil | propofol | fentanyl | midazolam | propofol | remifentanil | propofol | midazolam | fentanyl | propofol | remifentanil | propofol | fentanyl | midazolam | propofol | remifentanil | propofol,Cardiorespiratory parameters | bispectral index | Numerical Pain Rating Scale ( NRS ) | recovery level | return of psychomotor efficiency | Aldrete scale | Modified Post Anesthesia Discharge Scoring ( MPADS ) system | pain intensity score | maximum MPADS score | mean arterial pressure and heart rate and signs of respiratory depression | analgesia | hemodynamic stability | respiratory depression | rapid recovery
e2e_biobert_predictions,1286547,borderline hypertensive | IDDM-type diabetes mellitus | Twenty-nine | borderline hypertension,dihydropyridine calcium channel blocker | placebo-controlled | nitrendipine | placebo,platelet thromboxane formation | Stimulated platelet thromboxane formation | plasma levels of platelet factor 4 | aggregation responses to collagen | thromboxane formation | Exercise | PF4 plasma levels | Whole blood aggregation,borderline hypertensive patients with IDDM-type diabetes mellitus . Twenty-nine IDDM patients with borderline hypertension | diabetic patients with borderline hypertension .,dihydropyridine calcium channel blocker | nitrendipine | placebo | nitrendipine | Nitrendipine | placebo | nitrendipine | nitrendipine | nitrendipine,platelet thromboxane formation | Stimulated platelet thromboxane formation | plasma levels of platelet factor 4 and aggregation responses to collagen and ADP | thromboxane formation | Exercise induced change of thromboxane synthesis | PF4 plasma levels | Whole blood aggregation after collagen stimulation | aggregation | collagen dependent platelet activation
e2e_biobert_predictions,12960652,infants | gastrointestinal diseases | 21 | 40 healthy infants | partial or total intestinal obstruction,epigastric impedance | impedance gastrography,Gastric | pathologic | persistent phasic activity pattern | Short-term phasic activity | gastric phasic activity,"infants | gastrointestinal diseases | infants with different gastrointestinal diseases | 21 patients | age 0-2 months | 40 healthy infants | age 0-2 months | patients suffered from partial or total intestinal obstruction , necrotizing enterocolitis or pyloric stenosis.All infants were fasting",epigastric impedance | Epigastric impedance | epigastric impedance | epigastric impedance,epigastric impedance | phasic activity | frequency phasic activity | phasic activity
e2e_biobert_predictions,1459268,Forty-eight,gonadotropin-releasing hormone agonist | ultrashort regimen of gonadotropin-releasing hormone agonist ( GnRH-a ) | short | GnRH-a,"Response to ovarian stimulation | occurrence of spontaneous luteinizing hormone ( LH ) surges | ovulation induction , | fertilization , and | pregnancy rates | LH surge",in vitro fertilization ( IVF ) | Forty-eight patients having IVF for the first time | undergoing IVF,gonadotropin-releasing hormone agonist | gonadotropin-releasing hormone agonist ( GnRH-a ) | GnRH-a .,"usefulness | Response to ovarian stimulation and occurrence of spontaneous luteinizing hormone ( LH ) surges . | ovulation induction , fertilization , and pregnancy rates | LH surge ."
e2e_biobert_predictions,14679127,advanced epithelial ovarian carcinoma | advanced epithelial ovarian cancer | 226,topotecan | paclitaxel,pain | nausea and vomiting | dyspnea | EORTC QOL-30 questionnaire | median time to progression | median survival | efficacy | survival | Non-haematological toxicity | long-term survival,advanced epithelial ovarian carcinoma . | patients with advanced epithelial ovarian cancer who had failed one prior platinum-based regimen . | Patients with bidimensionally measurable disease | 226 | ovarian cancer .,topotecan | paclitaxel | topotecan | paclitaxel | topotecan | paclitaxel | topotecan | paclitaxel | topotecan | paclitaxel | Topotecan | paclitaxel | topotecan,European Organisation for Research and Treatment of Cancer Quality of Life ( EORTC QOL ) -C30 questionnaire | pain | anorexia | diarrhoea | fatigue | nausea | vomiting | dyspnea | constipation | insomnia | progression | median survival | efficacy | survival | haematological toxicity . Non-haematological toxicity
e2e_biobert_predictions,14739125,Five | 8,"torcetrapib | cholesteryl ester transfer | torcetrapib ( CP-529,414 | placebo",high-density | high-density lipoprotein cholesterol ( HDL-C ) levels | tolerated | plasma drug levels | CETP inhibition | HDL-C | Total plasma cholesterol | nonHDL-C | low-density lipoprotein cholesterol | Apolipoprotein A-I and E | apoB | Cholesteryl ester content | triglyceride,healthy young | Five groups of 8 subjects each,torcetrapib . | cholesteryl ester transfer protein ( CETP ) inhibitor torcetrapib | placebo | torcetrapib | Torcetrapib,plasma drug levels | Total plasma cholesterol | nonHDL-C | low-density lipoprotein cholesterol | Apolipoprotein A-I and E | apoB | Cholesteryl ester content | triglyceride
e2e_biobert_predictions,14763035,24 | LVH,selective angiotensin receptor antagonist | Valsartan | selective angiotensin II receptor blocker ( ARB ) | ARB valsartan | placebo | ARB,left | aortic and large-artery compliance | arterial wave reflections [ pulse wave velocity ( PWV ) and augmentation index ( AI ) application tonometry ] | cardiac echocardiography | body weight | BP ( mercury sphygmomanometer ) | serum creatinine | complete blood cell counts | urine volume | weekly creatinine clearance | Systolic and diastolic BP | LVMi | PWV,left ventricular hypertrophy | patients on continuous ambulatory peritoneal dialysis ( CAPD ) . | 24 CAPD patients with LVH [ left ventricular mass index ( LVMi ) > 110 g/m2 for women | LVMi > 137 g/m2 for men,Valsartan | selective angiotensin II receptor blocker ( ARB ) | ARB valsartan | placebo | ARB . | ARB | placebo | ARB,"blood pressure ( BP ) | aortic and large-artery compliance | arterial wave reflections [ pulse wave velocity ( PWV ) | augmentation index ( AI ) application tonometry ] | cardiac echocardiography . | body weight , BP ( mercury sphygmomanometer ) , serum creatinine , electrolytes , complete blood cell counts , urine volume , drainage volume , and weekly creatinine clearance . | Systolic and diastolic BP | LVMi | LVMi | PWV | AI | LVMi"
e2e_biobert_predictions,15014018,melanoma | 713,adjuvant high-dose interferon | adjuvant high-dose IFN-alpha 2b therapy | high-dose IFN-alpha 2b ( HDI ) | Obs | HDI,relapse-free survival ( RFS ) -but | overall survival ( OS ) | RFS | ulceration | recurrent disease at entry,Nearly 2000 patients with stage IIB and III melanoma | patients with high-risk resected melanoma,interferon | IFN-alpha 2b | IFN-alpha 2b ( HDI ) | Obs | HDI | Obs | HDI | Obs,relapse-free survival ( RFS ) | overall survival ( OS ) | RFS | OS | RFS | OS
e2e_biobert_predictions,15133359,biventricular implantation procedures | Thirty-four,EPA | GCA | CS cannulation strategy,CS cannulation time | Time to successful catheterization of CS | Fluoroscopy time | Total contrast dye volume to search and engage the CS ostium | procedural time | contrast dye volume,biventricular implantation | Thirty-four consecutive patients,catheters | guiding catheter alone | GCA | electrophysiology catheter advanced | electrophysiology catheter aided | EPA | GCA | GCA | EPA | EPA | GCA | EPA | GCA | EPA | GCA,"CS cannulation time | Time to successful catheterization of CS | Fluoroscopy time | contrast dye volume | procedural time , fluoroscopy time | contrast dye volume"
e2e_biobert_predictions,15193668,autism | Children | 576,Combined | descriptive and explanatory information | descriptive ( AUT-D ) or | descriptive and explanatory information ( AUT-D + E ) | descriptive and,attitudes | behavioral intentions | third- and fourth-graders ' | academic intentions,peers | peers | child with autism . Children | 576 | M age = 10.06 | children 's,descriptive ( AUT-D ) | descriptive and explanatory information ( AUT-D + E ) . | descriptive and explanatory information,peers ' perceptions | peers ' perceptions | behavioral intentions | ( Adjective Checklist ) | ( Shared Activities Questionnaire ) | children 's attitudes | behavioral intentions
e2e_biobert_predictions,15358868,adults | autism | children,Not Found,searching for | visual search performance,adults with autism . | adults with autism . | adults with autism,,searching for targets . | visual search performance | visual discrimination ability . | unique item detection
e2e_biobert_predictions,15848261,stroke | post-acute hemiparetic | Twenty-six | Thirteen,Postural biofeedback | locomotion reeducation | conventional physical therapy alone | specialised balance retraining program | physical therapy ( control | therapy and retraining ( experimental | early conventional therapy | therapy combined with standing balance training by biofeedback ( BPM Monitor ),gait | Gait spatiotemporal parameters | clinical scores | spasticity | time between stroke and the beginning of walking | Gait velocity | walking pattern | duration of the paretic limb single stance | duration of the reception double stance on the paretic limb,stroke patients ] | post-acute hemiparetic patients | Twenty-six patients within 3 months of onset of stroke,conventional physical therapy alone | specialised balance retraining program | physical therapy | therapy and retraining | conventional therapy | therapy | standing balance training by biofeedback ( BPM Monitor ) | conventional therapy .,gait improvement | Gait spatiotemporal parameters | clinical scores | time between stroke and the beginning of walking | Gait velocity | walking pattern | duration of the paretic limb single stance . | duration of the reception double stance on the paretic limb
e2e_biobert_predictions,15854186,98,Cophenylcaine spray | placebo | cophenylcaine | placebo nasal spray,visual analogue scale | pain | unpleasantness of taste | overall discomfort | discomfort | pain or | sensation of bad taste | pain experienced,flexible nasendoscopy : | 98 patients | flexible nasendoscopy . | flexible nasendoscopy .,Cophenylcaine | placebo | cophenylcaine | placebo | cophenylcaine | cophenylcaine,"pain , unpleasantness of taste and overall discomfort experienced . | pain and discomfort | pain or overall discomfort | sensation of bad taste | unpleasantness | pain | unpleasantness of taste ."
e2e_biobert_predictions,15858959,children | acute diarrhoea | Two hundred children,Saccharomyces boulardii | S. boulardii | placebo | S.,medians of the average stool frequency | duration of diarrhoea | watery diarrhoea | duration of hospital stay | persisting diarrhoea | duration of acute diarrhoea,children | acute diarrhoea | children with acute diarrhoea . | Two hundred children | acute diarrhoea in children,Saccharomyces boulardii | Saccharomyces boulardii . | S. boulardii | S. boulardii | S. boulardii | placebo | placebo | S. boulardii | placebo | S. boulardii | placebo | S. boulardii | S. boulardii | placebo | placebo | S. boulardii | S. boulardii | S. boulardii,average stool frequency | duration of diarrhoea | duration of hospital stay | duration of acute diarrhoea | duration of hospital stay
e2e_biobert_predictions,16167234,digestive surgery | Forty,branch chain amino acid enriched formula | branch chain amino acid ( BCAA ) enriched formula | parenteral nutrition with either | BCAA enriched | routine amino acid | BCAA enriched formula,"postoperative fatigue | nutritional status | Nitrogen balance | serum total protein , albumin , prealbumin , transferrin | postoperative fatigue score | cumulative postoperative fatigue scores | positive nitrogen balance | cumulative nitrogen balance | serum level of retinol binding protein",after digestive surgery ] | digestive surgery patients . | Forty patients who underwent digestive surgery | digestive surgery patients .,amino acid enriched formula | branch chain amino acid ( BCAA ) enriched formula | BCAA enriched | routine amino acid | BCAA | BCAA-enriched | BCAA enriched formula,"postoperative fatigue | nutritional status | nutritional status | postoperative fatigue | Nitrogen balance , serum total protein , albumin , prealbumin , transferrin , retinol binding protein and postoperative fatigue score | cumulative postoperative fatigue scores | nitrogen balance | cumulative nitrogen balance | serum total protein , albumin , prealbumin , transferrin | serum level of retinol binding protein | postoperative fatigue score | nutritional status"
e2e_biobert_predictions,16295154,parents | children | autistic spectrum disorder | autistic spectrum disorder ( ASD ) | 31 | ASD,"post-diagnosis nursing intervention | usual care plus 3 hours contact with a pediatric nurse practitioner ( PNP ) for counseling , instruction , and assistance with implementation of the recommended treatment plan | usual care post-diagnosis , which consisted of","parents | impact of event ( diagnosis ) | use of services | "" | impact of event "" and "" perceived stress """,parents of children | autistic spectrum disorder | Parents of children | diagnosis of autistic spectrum disorder ( ASD ) | parents of children with ASD,"Intervention | nursing intervention | post-diagnosis nursing intervention | usual care | contact with a pediatric nurse practitioner ( PNP ) for counseling , instruction , and assistance with implementation of the recommended treatment plan | usual care | consultation session to receive the results of diagnostic tests and a written copy of the recommended treatment plan","parents ' reports of stress | impact of event ( diagnosis ) | use of services | "" impact of event "" | "" perceived stress """
e2e_biobert_predictions,16427787,Not Found,melatonin | placebo,Sleep-anticipating | task-related activity | visual-search | fatigue | activation in the left parahippocampus | brain activity,human,melatonin | melatonin | Melatonin | placebo | melatonin | melatonin | melatonin | melatonin,effects | task-related activity | subjective measurements of fatigue . | activation in the left parahippocampus | brain activity | fatigue
e2e_biobert_predictions,16505427,anemic patients | cancer | cancer-associated anemia | Three hundred sixty-five | One hundred eighty-three | 182,"erythropoietin | epoetin alfa | epoetin alfa 40,000 | standard weekly epoetin alfa | epoetin",mean end-of-study Hb levels | Toxicities | overall survival | global quality of life ( QOL ) | global QOL | Hb increment,anemic patients with cancer . | patients with cancer-associated anemia . | Three hundred sixty-five patients,erythropoietin | epoetin alfa | epoetin alfa | epoetin alfa | epoetin alfa | epoetin alfa | epoetin alfa | epoetin alfa .,requiring transfusions | hemoglobin ( Hb ) increment | drug dose | Hb | Hb | Toxicities | thromboembolism | overall survival | global quality of life ( QOL ) | global QOL | QOL | transfusion needs | QOL . | Hb increment
e2e_biobert_predictions,1669598,asthma | house dust mite Dermatophagoides pteronyssinus | 10,Local immunotherapy | powder extract | parenteral immunotherapy | local immunotherapy ( LI ) | powder extract of house dust mite ( HDM ) | parenteral immunotherapy ( PI ) | LI | subcutaneous injections | placebo | PI | inhalation of lactose | disodium cromoglycate ( DSCG ),efficacy | symptoms score | peak expiratory flow ( PEF ) -derived parameters | bronchial response | bronchial responsiveness to methacholine | immunologic humoral and cellular parameters | local important adverse reactions | systemic side effects,10 patients with asthma due to HDM,immunotherapy | immunotherapy | local immunotherapy | powder extract of house dust mite ( HDM ) | parenteral immunotherapy ( PI ) | placebo | lactose | disodium cromoglycate ( DSCG ),efficacy | tolerability | symptoms score | peak expiratory flow ( PEF ) -derived parameters | bronchial response | bronchial responsiveness | immunologic humoral and cellular parameters in peripheral blood | local important adverse reactions | systemic side effects | systemic side effects .
e2e_biobert_predictions,17293018,C. difficile-associated diarrhea ( CDAD ) | 77,whey protein concentrate | anti-C. difficile whey protein concentrate ( anti-CD WPC ) | anti-CD WPC,safety | adverse event monitoring | safe,patients with C. difficile-associated diarrhea ( CDAD ) | 77 patients with CDAD | patients with CDAD . | individuals with CDAD,whey protein concentrate | whey protein concentrate | immunized against Clostridium difficile ( C. | anti-C. difficile whey protein concentrate ( anti-CD WPC ) | anti-CD WPC | regular whey protein concentrate . | anti-CD WPC | anti-CD WPC | anti-CD WPC,safe | safe
e2e_biobert_predictions,17321989,acute myeloid leukemia and myelodysplastic syndromes | 110 | acute myeloid leukemia ( AML ) | myelodysplastic syndromes ( MDS ),itraconazole capsules | fluconazole capsules | fluconazole | itraconazole,Adverse events | numbers of cases with probable or possible infections | frequency of infection | tolerated,patients with acute myeloid leukemia and myelodysplastic syndromes : | Japanese | patients with acute myeloid leukemia ( AML ) or myelodysplastic syndromes ( MDS ) during and after chemotherapy . | patients with AML or MDS who received chemotherapy,itraconazole | fluconazole | fluconazole | itraconazole | itraconazole | fluconazole,Adverse events | probable or possible infections | frequency of infection
e2e_biobert_predictions,17616069,postpartum anemia | 50 women | postpartal anemia,trivalent ferrum preparation | sacharose ferric oxide ( Venofer ) | Venofer,serum values of soluble transferrin receptors and ferritin | adverse events,postpartum | Prague | Prague | 50 women | clinical and lab signs of postpartal anemia,trivalent ferrum preparation ] | trivalent ferrum preparation . | sacharose ferric oxide ( Venofer ) | Venofer | trivalent saccharose ferric oxide,effectivity | safeness | values of red blood count | serum values of soluble transferrin receptors and ferritin | iron cell saturation | body iron reserves | adverse events | effective | serious adverse event
few_shot_flan_t5,10070173,Rhinocort Study Group,budesonide Turbuhaler,Effect of budesonide Turbuhaler on seasonal allergic rhinitis,seasonal allergic rhinitis . | Two hundred and eighty-four out-patients | SAR | symptomatic during the ragweed season | 243 | SAR .,budesonide Turbuhaler | budesonide aqua | budesonide Turbuhaler | budesonide aqua | budesonide . | Turbuhaler | Turbuhaler | aqua spray | budesonide aqua | budesonide Turbuhaler | budesonide powder | Turbuhaler | aqua,patients ' preferences | quality of life . | Mean daily nasal symptom scores | eye symptoms . | nasal and non-nasal adverse events | epistaxis | headache . | nasal irritation | quality of life | safe | efficacious
few_shot_flan_t5,10390665,children,granisetron compared with perphenazine,Prophylactic granisetron compared with perphenazine for the prevention of post-operative vomiting in children,children . | tonsillectomy with or without adenoidectomy | children | 90 paediatric patients | ASA I | aged 4-10 years | children undergoing general anaesthesia for tonsillectomy,granisetron | perphenazine | granisetron | perphenazine | granisetron | perphenazine | granisetron | perphenazine | granisetron | perphenazine,"Anti-emetic efficacy | prevention | efficacy | complete response , defined as no emesis with no need for another rescue antiemetic | corresponding incidence | adverse events | long-term prevention | post-operative vomiting"
few_shot_flan_t5,10475150,healthy volunteers and patients with primary hypothyroidism,octreotide,melatonin secretion,healthy volunteers and in patients with primary hypothyroidism . | 8 healthy volunteers | 6 women | untreated primary hypothyroidism | healthy volunteers | patients with hypothyroidism | normal subjects and in patients with primary hypothyroidism,somatostatin ( octreotide ) | Somatostatin | somatostatin | saline | octreotide ( Sandostatin ; | octreotide | saline . | octreotide | octreotide | saline ; | octreotide | saline . | octreotide | octreotide | saline ; | octreotide | somatostatin . | somatostatin | octreotide | somatostatin,melatonin secretion | melatonin secretion . | melatonin secretion | nocturnal melatonin secretion | melatonin secretion | urinary excretion of melatonin | GH secretion | nocturnal melatonin secretion | Urinary excretion of melatonin | total nocturnal secretion of TSH | nocturnal secretion and urinary excretion of melatonin
few_shot_flan_t5,10578479,premenopausal women,Soy intake,Effects of soy intake on sex hormone metabolism,premenopausal women . | 36 premenopausal women | 20 | used OC | premenopausal OC | non-OC users .,soy | soy | soy | soy | soy beverage | soy | soy,"sex hormone metabolism | sex hormone metabolism | serum estrone , estradiol , sex hormone-binding globulin , dehydroepiandrosterone sulfate , prolactin , or progesterone concentrations | menstrual cycle length or the urinary estrogen metabolite ratio of 2-hydroxyestrone to 16 alpha-hydroxyestrone | urinary estrogen metabolites | menstrual cycle , serum sex hormones , or urinary estrogen metabolite ratio"
few_shot_flan_t5,10589810,patients,root instrumentation,Clinical effects of root instrumentation,40 subjects | 20 | 20,plastic curettes | conventional steel curettes | conventional steel curettes | plastic curettes | non-root substance removing curettes,Clinical effects | clinical effects | bleeding on probing ( BOP ) and probing pocket depth ( PPD ) | BOP percentage | BOP and PPD | BOP percentage | BOP | BOP
few_shot_flan_t5,10763172,Randomized ver,Xylometazoline and dexpanthenol,efficacy and tolerability,after nose surgery | 61 inpatients with the diagnosis Rhinitis following nasal operation | patients following nasal operations | rhinitis following nasal operation,xylometazoline | dexpanthenol ] | Xylometazoline | Dexpanthenol ( Nasic ) | Xylometazoline | verum | placebo | Xylometazoline-Dexpanthenol | Xylometazoline | Xylometazoline-Dexpanthenol | Xylometazoline,wound healing | efficacy | tolerability | nasal-breathing-resistance according to scores | efficacy | tolerability | compliance | improvement | efficacy | tolerability
few_shot_flan_t5,10764172,Forty patients,Intrathecal morphine,NK cell activation,underwent hysterectomy | Forty patients were divided into four groups of ten .,morphine | morphine | morphine | morphine | morphine | morphine,NK cell activity | natural killer ( NK ) cell activity | postoperative pain score and side effects | NK cell activity | NK cell activities | plasma adrenaline | noradrenaline concentrations | plasma cortisol levels | pain score
few_shot_flan_t5,10912743,hypertensive patients,low-dose aspirin,low-dose aspirin on clinic and ambulatory blood pressure,treated hypertensive patients . | hypertensive patients receiving drug treatment | people with one or more cardiovascular risk factors . | hypertension | 142 hypertensive | 76 men | 66 women | mean age 59 +/- 5.9 years | treated with different antihypertensive drugs,aspirin | aspirin | aspirin | aspirin | vitamin E | aspirin | aspirin | aspirin | aspirin | aspirin,clinic and ambulatory blood pressure | blood pressure ( BP ) control | clinic and ambulatory systolic ( SBP ) and diastolic ( DBP ) BP | clinic BP | 24-h ambulatory BP monitoring | clinic SBP and DBP | Ambulatory SBP and DBP | BP
few_shot_flan_t5,10934569,children with pervasive developmental disorder,intensive treatment or parent training,intensive intervention for children with pervasive developmental disorder,children | pervasive developmental disorder | Young children | pervasive developmental disorder | 7 | autism | 8 | pervasive developmental disorder not otherwise specified -- NOS | 7 with autism | 6 with pervasive developmental disorder NOS | Children | pervasive developmental disorder,intensive early intervention | intensive treatment | parent training . | intensive treatment | parent training | parent training . | intensive treatment | parent training,intelligence | visual-spatial skills | language | academics | adaptive functioning | behavior problems .
few_shot_flan_t5,10940525,dogs and cats,Selamectin,efficacy and safety of selamectin against fleas and heartworms in dogs and cats,"dogs and cats presented as veterinary patients in North America . | dogs and cats | dogs and cats showing signs of flea allergy dermatitis ( FAD ) . | Dogs and cats with naturally occurring flea infestations , some of which also had signs associated with FAD | 220 dogs , 189 cats | dogs and cats diagnosed clinically with FAD . | 397 dogs free of adult heartworm infection from four heartworm-endemic areas of the USA | 673 dogs and 347 cats | 19 purebred or crossbred Collies ( Bearded , Border , and unspecified ) . | dogs and cats | dogs and cats .",selamectin | selamectin | selamectin | selamectin | selamectin | fenthion | pyrethrins | Selamectin | selamectin-treated | Selamectin | selamectin | ivermectin | Selamectin | Selamectin | selamectin | Selamectin,Efficacy | safety | efficacy | safety | flea comb counts | clinical evaluations of FAD | mean flea counts | mean flea counts | mean flea counts | mean flea counts | heartworm prevention rate | adverse events . | effective | signs associated with FAD . | heartworms | safe
few_shot_flan_t5,11099086,children,oral ciprofloxacin versus intramuscular ceftriaxone,Oral ciprofloxacin versus intramuscular ceftriaxone as empiric treatment of acute invasive diarrhea in children,acute invasive diarrhea | children | children . | acute invasive diarrhea | infants and children | 201 | children ages 6 months to 10 years ( 35 % < 1 year ; 70 % < 3 years ) presenting with acute invasive diarrhea at the Pediatric Emergency Room | ambulatory pediatric patients requiring an emergency room visit .,ciprofloxacin | ceftriaxone | ceftriaxone | ciprofloxacin | ciprofloxacin | ceftriaxone | ciprofloxacin | ceftriaxone | ciprofloxacin | ciprofloxacin | ceftriaxone | ciprofloxacin | ceftriaxone,"efficacy | safety | Stool cultures for Shigella , Salmonella , Campylobacter spp . and diarrheagenic Escherichia coli | Clinical response and safety | Clinical cure or improvement | adverse events | Joint examination | safe | effective"
few_shot_flan_t5,11229858,children with malaria,antipyretic drugs,Antipyretic drugs in children with malaria,children | malaria | children | malaria | malaria .,antipyretic drugs | antipyretics | naproxen | metamizol | Antipyretic,reduction of fever peaks . | fever clearance
few_shot_flan_t5,1131298,10 healthy subjects,Garlic and onion,Effect of garlic and onion on alimentary hyperlipemia,10 healthy subjects,essential oils of garlic and onion | garlic and onion | garlic or onion | essential oils | Garlic and onion | garlic | onion . | garlic and onion,serum cholesterol and plasma fibrinogen | coagulation time | fibrinolytic activity . | effects
few_shot_flan_t5,11317090,persons with osteoarthritis,aquatic exercise for persons with osteoarthritis,Cost per quality-adjusted life year,persons with osteoarthritis . | 249 adults from Washington State aged 55 to 75 | doctor-confirmed diagnosis of osteoarthritis,aquatic exercise | aquatic exercise classes | aquatic classes . | aquatic classes . | Aquatic exercisers | Aquatic exercise | aquatic exercise .,"Economic evaluation | cost | outcomes | Cost per quality-adjusted life year ( QALY ) | cost/QALY | Quality of Well-Being Scale ( QWB ) | Current Health Desirability Rating ( CHDR ) | arthritis-specific Health Assessment Questionnaire ( HAQ ) , Center for Epidemiologic Studies-Depression Scale ( CES-D ) | Perceived Quality of Life Scale ( PQOL ) | QALYs . Use of health care facilities | Medicare reimbursement rates | costs/QALY ratios | ( QWB ) | ( CHDR , HAQ , PQOL ) | Costs/QALY | QWB | CHRD . | QALY"
few_shot_flan_t5,11381289,at high risk for cardiovascular events,ramipril,not specified,patients at high risk for cardiovascular events .,ramipril | angiotensin-converting enzyme ( ACE ) inhibitor | ramipril | vitamin E | ACE inhibitor,"rates of death , myocardial infarction , stroke , coronary revascularization , cardiac arrest and heart failure | risk of diabetes-related complications and of diabetes itself ."
few_shot_flan_t5,11401641,patients with open angle glaucoma,Latanoprost,IOP-reducing effect of latanoprost,"patients insufficiently controlled on timolol . | patients with open angle glaucoma or ocular hypertension where IOP is not adequately controlled with timolol . | 53 patients with primary open angle glaucoma , capsular glaucoma , or ocular hypertension with an IOP of at least 21 mmHg on current therapy",timolol | latanoprost | latanoprost | timolol | timolol | timolol | timolol | latanoprost | latanoprost | timolol .,IOP-reducing | intraocular pressure ( IOP ) | IOP | IOP | IOP | IOP | IOP | IOP
few_shot_flan_t5,11454878,patients with epithelial ovarian carcinoma,Pegylated liposomal doxorubicin versus topotecan,Pegylated liposomal doxorubicin versus topotecan in patients with epithelial ovarian carcinoma,"patients with epithelial ovarian carcinoma that recurred after or did n't respond to first-line , platinum-based chemotherapy . | Patients with measurable and assessable disease | 474",pegylated liposomal doxorubicin | topotecan . | pegylated liposomal doxorubicin ( PLD ) | topotecan | PLD | topotecan | PLD | topotecan | PLD | topotecan | PLD | topotecan | PLD | PLD | topotecan . | PLD | topotecan | topotecan | topotecan | PLD,efficacy | safety | overall progression-free survival rates | overall response rates | Median overall survival times | overall survival | Severe hematologic toxicity | efficacy | safety
few_shot_flan_t5,11495215,nonsmokers,oral contraceptive use,cardiovascular reactivity,"Sixty healthy women , half of whom had been using OCs for at least the previous 6 months | two thirds were smokers | One third were nonsmokers .",Oral contraceptive | oral contraceptives ( OCs ) | nicotine | nicotine | OC | nicotine | OC | nicotine | nicotine | OC,"cardiovascular reactivity | cardiovascular and lipid reactivity . | Heart rate , blood pressure , and lipid measures | heart rate and diastolic blood pressure reactivity | cardiovascular or lipid stress reactivity | cardiovascular reactivity"
few_shot_flan_t5,11642083,males with Q-MI,neoton therapy,neoton therapy effects in acute myocardial infarction,myocardial infarction | patients on thrombolytic therapy ( TLT ) . | 106 males | Q-MI,Neoton | thrombolytic therapy | neoton | thrombolytic therapy ( TLT ) | TLT | neoton | TLT | streptokinase | streptokinase preparations | neoton . | neoton | neoton | Neoton,"systolic function of the left ventricle , arrhythmia and clinical symptoms | Left ventricular systolic function | arrhythmia | systolic and diastolic volumes | left ventricular systolic dysfunction"
few_shot_flan_t5,11737955,older adults,Antioxidant supplementation,Antioxidant supplementation and exercise-induced oxidative stress,the 60-year-old | older adults ( 60 ( SE 1 ) years ; BMI 26 ( SE 1 ) kg/m ( 2 ) ) | 60-year-old subjects,Antioxidant supplementation | antipyrine | antioxidant supplementation | dl-alpha-tocopheryl acetate | ascorbic acid | beta-carotene | placebo | Antipyrine | antioxidant supplementation,para- and ortho-hydroxyantipyrine to antipyrine . | thiobarbituric acid reactive substances in plasma . | free radical products of antipyrine .
few_shot_flan_t5,11750293,Twenty-two patients,Treatment or intervention,"Disability, illness perceptions , pain and coping",recent onset rheumatoid arthritis : | patients with recently diagnosed rheumatoid arthritis ( RA ) | Twenty-two patients with a history of recently diagnosed RA of less than 2 years | 22 patients,standard outpatient clinic treatment,"disability | illness perceptions | pain | coping | depression . | clinical outcome and process measures | predict depression | depression , disability , pain , beliefs about the consequences of arthritis and coping strategies ."
few_shot_flan_t5,11829043,patients who had undergone stoma surgery,progressive muscle relaxation training,anxiety level and self-reported QoL,patients after stoma surgery . Eighteen patients who had undergone stoma surgery | patients after stoma surgery .,progressive muscle relaxation training | progressive muscle relaxation training ( PMRT ) | PMRT,"anxiety level and self-reported quality of life ( QoL ) | Chinese State-Trait Anxiety Inventory ( C-STAI ) , the Quality of Life Index for Colostomy ( QoL-Colostomy ) and the Hong Kong Chinese version of the World Health Organisation Quality of Life Scale ( WHOQoL ) . | C-STAI score | WHOQoL score | WHOQoL | QoL | QoL-Colostomy | quality of life | anxiety"
few_shot_flan_t5,11891832,44 patients,methotrexate,weakness progression,inclusion body myositis | 44 patients with inclusion body myositis,methotrexate | placebo . | methotrexate | methotrexate | placebo | methotrexate | methotrexate,"weakness progression | disease progression | Mean change of quantitative muscle strength testing sum scores | Quantitative muscle strength testing sum scores | manual muscle testing sum scores , activity scale scores and patients ' own assessments | Serum creatine kinase activity | progression of muscle weakness | serum creatine kinase activity ."
few_shot_flan_t5,12139812,208 patients with initial pterygium,limbal epithelial autograft transplantation and pterygium excision,[ Limbal epithelial autograft transplantation in treatment of pterygium],pterygium | pterygium . | 208 patients | initial pterygium,[ Limbal epithelial autograft transplantation | limbal epithelial autograft transplantation | pterygium excision | excision of pterygium | limbal epithelial autograft transplantation surgery | simple pterygium excision | limbal epithelial autograft transplantation,epithelial healing | abnormal proliferation of pterygium-like tissue .
few_shot_flan_t5,12477021,the Reichert AT550,A new non-contact tonometer,the Reichert AT550,Thirty-five university students were assessed,Reichert AT550 : | Reichert AT550 . | Reichert Xpert Plus | Goldmann applanation tonometer | Perkins tonometer . | AT550 NCT | Goldmann tonometer | AT550 NCT | Goldmann tonometry,Clinical performance | level of accuracy | measurements | IOP
few_shot_flan_t5,12576806,Animals,Endopyelotomy,Endopyelotomy,57 | patients with primary ureteropelvic junction obstruction,stenting | Internal stenting | stenting | 7/14Fr internal endopyelotomy stent placement,optimum duration of stenting | symptoms | ipsilateral glomerular filtration rate . | drainage pattern . | Stent related symptoms | urinary tract infections | duration | stent related complications .
few_shot_flan_t5,12586799,nasopharyngeal carcinoma,concurrent chemoradiotherapy,Overall and progression-free survival,advanced nasopharyngeal carcinoma : | patients with advanced NPC . | From December 1993 to April 1999 | 284 patients with 1992 American Joint Committee on Cancer stage III to IV ( M0 ) NPC | patients with advanced NPC,concurrent chemoradiotherapy | radiotherapy | concurrent chemoradiotherapy ( CCRT ) | radiotherapy ( RT ) | chemotherapy | cisplatin | fluorouracil | CCRT | RT-alone | CCRT | RT-only | CCRT | RT-only | CCRT | CCRT | RT,overall and progression-free survival . | Survival analysis | tumor relapse | 5-year overall survival rates | 5-year progression-free survival rates | toxicity | leukopenia | emesis | treatment-related deaths
few_shot_flan_t5,12595499,people at high cardiovascular risk,renal disease,not specified,people at high cardiovascular risk | people with diabetes | 7674 participants with albuminuria data at baseline and at follow-up | nondiabetic and in diabetic people .,ramipril 's | placebo | Ramipril | Ramipril,clinical proteinuria | progression of albuminuria | microalbuminuria | clinical proteinuria . | progression | albuminuria . | progression of albuminuria .
few_shot_flan_t5,12709693,outpatient colonoscopy,Conscious analgesia/sedation with remifentanil and propofol,Conscious analgesia/sedation with remifentanil and propofol,outpatient colonoscopy . | 100 adult patients,remifentanil | propofol | fentanyl | midazolam | propofol | remifentanil | propofol | midazolam | fentanyl | propofol | remifentanil | propofol | fentanyl | midazolam | propofol | remifentanil | propofol,Cardiorespiratory parameters | bispectral index | Numerical Pain Rating Scale ( NRS ) | recovery level | return of psychomotor efficiency | Aldrete scale | Modified Post Anesthesia Discharge Scoring ( MPADS ) system | pain intensity score | maximum MPADS score | mean arterial pressure and heart rate and signs of respiratory depression | analgesia | hemodynamic stability | respiratory depression | rapid recovery
few_shot_flan_t5,1286547,IDDM-type diabetes mellitus,nitrendipine,platelet thromboxane formation,borderline hypertensive patients with IDDM-type diabetes mellitus . Twenty-nine IDDM patients with borderline hypertension | diabetic patients with borderline hypertension .,dihydropyridine calcium channel blocker | nitrendipine | placebo | nitrendipine | Nitrendipine | placebo | nitrendipine | nitrendipine | nitrendipine,platelet thromboxane formation | Stimulated platelet thromboxane formation | plasma levels of platelet factor 4 and aggregation responses to collagen and ADP | thromboxane formation | Exercise induced change of thromboxane synthesis | PF4 plasma levels | Whole blood aggregation after collagen stimulation | aggregation | collagen dependent platelet activation
few_shot_flan_t5,12960652,infants,Gastric dysrhythmia,dysrhythmia in infants with gastrointestinal diseases,"infants | gastrointestinal diseases | infants with different gastrointestinal diseases | 21 patients | age 0-2 months | 40 healthy infants | age 0-2 months | patients suffered from partial or total intestinal obstruction , necrotizing enterocolitis or pyloric stenosis.All infants were fasting",epigastric impedance | Epigastric impedance | epigastric impedance | epigastric impedance,epigastric impedance | phasic activity | frequency phasic activity | phasic activity
few_shot_flan_t5,1459268,A prospective tr,short and ultrashort regimens of gonadotropin-releasing hormone agonist,not specified,in vitro fertilization ( IVF ) | Forty-eight patients having IVF for the first time | undergoing IVF,gonadotropin-releasing hormone agonist | gonadotropin-releasing hormone agonist ( GnRH-a ) | GnRH-a .,"usefulness | Response to ovarian stimulation and occurrence of spontaneous luteinizing hormone ( LH ) surges . | ovulation induction , fertilization , and pregnancy rates | LH surge ."
few_shot_flan_t5,14679127,patients who had fai,topotecan versus paclitaxel,Long-term survival,advanced epithelial ovarian carcinoma . | patients with advanced epithelial ovarian cancer who had failed one prior platinum-based regimen . | Patients with bidimensionally measurable disease | 226 | ovarian cancer .,topotecan | paclitaxel | topotecan | paclitaxel | topotecan | paclitaxel | topotecan | paclitaxel | topotecan | paclitaxel | Topotecan | paclitaxel | topotecan,European Organisation for Research and Treatment of Cancer Quality of Life ( EORTC QOL ) -C30 questionnaire | pain | anorexia | diarrhoea | fatigue | nausea | vomiting | dyspnea | constipation | insomnia | progression | median survival | efficacy | survival | haematological toxicity . Non-haematological toxicity
few_shot_flan_t5,14739125,humans,torcetrapib,High-density lipoprotein levels,healthy young | Five groups of 8 subjects each,torcetrapib . | cholesteryl ester transfer protein ( CETP ) inhibitor torcetrapib | placebo | torcetrapib | Torcetrapib,plasma drug levels | Total plasma cholesterol | nonHDL-C | low-density lipoprotein cholesterol | Apolipoprotein A-I and E | apoB | Cholesteryl ester content | triglyceride
few_shot_flan_t5,14763035,patients on continuous ambulatory,selective angiotensin II receptor blocker,Regression of LVH,left ventricular hypertrophy | patients on continuous ambulatory peritoneal dialysis ( CAPD ) . | 24 CAPD patients with LVH [ left ventricular mass index ( LVMi ) > 110 g/m2 for women | LVMi > 137 g/m2 for men,Valsartan | selective angiotensin II receptor blocker ( ARB ) | ARB valsartan | placebo | ARB . | ARB | placebo | ARB,"blood pressure ( BP ) | aortic and large-artery compliance | arterial wave reflections [ pulse wave velocity ( PWV ) | augmentation index ( AI ) application tonometry ] | cardiac echocardiography . | body weight , BP ( mercury sphygmomanometer ) , serum creatinine , electrolytes , complete blood cell counts , urine volume , drainage volume , and weekly creatinine clearance . | Systolic and diastolic BP | LVMi | LVMi | PWV | AI | LVMi"
few_shot_flan_t5,15014018,melanoma,adjuvant high-dose interferon,adjuvant high-dose interferon for melanoma,Nearly 2000 patients with stage IIB and III melanoma | patients with high-risk resected melanoma,interferon | IFN-alpha 2b | IFN-alpha 2b ( HDI ) | Obs | HDI | Obs | HDI | Obs,relapse-free survival ( RFS ) | overall survival ( OS ) | RFS | OS | RFS | OS
few_shot_flan_t5,15133359,patients with biventricular pacing system implantation,alternative techniques to achieve coronary sinus cannulation during biventricular implantation procedures,CS cannulation,biventricular implantation | Thirty-four consecutive patients,catheters | guiding catheter alone | GCA | electrophysiology catheter advanced | electrophysiology catheter aided | EPA | GCA | GCA | EPA | EPA | GCA | EPA | GCA | EPA | GCA,"CS cannulation time | Time to successful catheterization of CS | Fluoroscopy time | contrast dye volume | procedural time , fluoroscopy time | contrast dye volume"
few_shot_flan_t5,15193668,children,descriptive and explanatory information,descriptive and explanatory information,peers | peers | child with autism . Children | 576 | M age = 10.06 | children 's,descriptive ( AUT-D ) | descriptive and explanatory information ( AUT-D + E ) . | descriptive and explanatory information,peers ' perceptions | peers ' perceptions | behavioral intentions | ( Adjective Checklist ) | ( Shared Activities Questionnaire ) | children 's attitudes | behavioral intentions
few_shot_flan_t5,15358868,adults with autism,visual discrimination ability,Superior visual search in adults with autism,adults with autism . | adults with autism . | adults with autism,,searching for targets . | visual search performance | visual discrimination ability . | unique item detection
few_shot_flan_t5,15848261,patients within 3 months of onset of stroke,specialised balance retraining program,gait improvement after conventional physical therapy,stroke patients ] | post-acute hemiparetic patients | Twenty-six patients within 3 months of onset of stroke,conventional physical therapy alone | specialised balance retraining program | physical therapy | therapy and retraining | conventional therapy | therapy | standing balance training by biofeedback ( BPM Monitor ) | conventional therapy .,gait improvement | Gait spatiotemporal parameters | clinical scores | time between stroke and the beginning of walking | Gait velocity | walking pattern | duration of the paretic limb single stance . | duration of the reception double stance on the paretic limb
few_shot_flan_t5,15854186,98 patients,Cophenylcaine or placebo nasal spray,Cophenylcaine spray vs. placebo in flexible nasendoscopy,flexible nasendoscopy : | 98 patients | flexible nasendoscopy . | flexible nasendoscopy .,Cophenylcaine | placebo | cophenylcaine | placebo | cophenylcaine | cophenylcaine,"pain , unpleasantness of taste and overall discomfort experienced . | pain and discomfort | pain or overall discomfort | sensation of bad taste | unpleasantness | pain | unpleasantness of taste ."
few_shot_flan_t5,15858959,children with acute diarrhea,Saccharomyces boulardii,Effect of Saccharomyces boulardii,children | acute diarrhoea | children with acute diarrhoea . | Two hundred children | acute diarrhoea in children,Saccharomyces boulardii | Saccharomyces boulardii . | S. boulardii | S. boulardii | S. boulardii | placebo | placebo | S. boulardii | placebo | S. boulardii | placebo | S. boulardii | S. boulardii | placebo | placebo | S. boulardii | S. boulardii | S. boulardii,average stool frequency | duration of diarrhoea | duration of hospital stay | duration of acute diarrhoea | duration of hospital stay
few_shot_flan_t5,16167234,patients who underwent digestive surgery,BCAA enriched formula on nutritional status and postoperative fatigue after digestive surgery,Nutrition status and postoperative fatigue,after digestive surgery ] | digestive surgery patients . | Forty patients who underwent digestive surgery | digestive surgery patients .,amino acid enriched formula | branch chain amino acid ( BCAA ) enriched formula | BCAA enriched | routine amino acid | BCAA | BCAA-enriched | BCAA enriched formula,"postoperative fatigue | nutritional status | nutritional status | postoperative fatigue | Nitrogen balance , serum total protein , albumin , prealbumin , transferrin , retinol binding protein and postoperative fatigue score | cumulative postoperative fatigue scores | nitrogen balance | cumulative nitrogen balance | serum total protein , albumin , prealbumin , transferrin | serum level of retinol binding protein | postoperative fatigue score | nutritional status"
few_shot_flan_t5,16295154,parents of children,Intervention pilot,Intervention pilot for parents of children with ASD,parents of children | autistic spectrum disorder | Parents of children | diagnosis of autistic spectrum disorder ( ASD ) | parents of children with ASD,"Intervention | nursing intervention | post-diagnosis nursing intervention | usual care | contact with a pediatric nurse practitioner ( PNP ) for counseling , instruction , and assistance with implementation of the recommended treatment plan | usual care | consultation session to receive the results of diagnostic tests and a written copy of the recommended treatment plan","parents ' reports of stress | impact of event ( diagnosis ) | use of services | "" impact of event "" | "" perceived stress """
few_shot_flan_t5,16427787,placebo controlled functional ma,melatonin,Effects of melatonin on brain activities,human,melatonin | melatonin | Melatonin | placebo | melatonin | melatonin | melatonin | melatonin,effects | task-related activity | subjective measurements of fatigue . | activation in the left parahippocampus | brain activity | fatigue
few_shot_flan_t5,16505427,patients with cancer-associated anemia,erythropoietin alfa,Maintenance erythropoietin alfa administered once every 3 weeks,anemic patients with cancer . | patients with cancer-associated anemia . | Three hundred sixty-five patients,erythropoietin | epoetin alfa | epoetin alfa | epoetin alfa | epoetin alfa | epoetin alfa | epoetin alfa | epoetin alfa .,requiring transfusions | hemoglobin ( Hb ) increment | drug dose | Hb | Hb | Toxicities | thromboembolism | overall survival | global quality of life ( QOL ) | global QOL | QOL | transfusion needs | QOL . | Hb increment
few_shot_flan_t5,1669598,patients with asthma,local immunotherapy by inhalation of a powder extract,efficacy and tolerability of local immunotherapy by inhalation of a powder extract of house dust mite,10 patients with asthma due to HDM,immunotherapy | immunotherapy | local immunotherapy | powder extract of house dust mite ( HDM ) | parenteral immunotherapy ( PI ) | placebo | lactose | disodium cromoglycate ( DSCG ),efficacy | tolerability | symptoms score | peak expiratory flow ( PEF ) -derived parameters | bronchial response | bronchial responsiveness | immunologic humoral and cellular parameters in peripheral blood | local important adverse reactions | systemic side effects | systemic side effects .
few_shot_flan_t5,17293018,unanswerable,whey protein concentrate,not specified,patients with C. difficile-associated diarrhea ( CDAD ) | 77 patients with CDAD | patients with CDAD . | individuals with CDAD,whey protein concentrate | whey protein concentrate | immunized against Clostridium difficile ( C. | anti-C. difficile whey protein concentrate ( anti-CD WPC ) | anti-CD WPC | regular whey protein concentrate . | anti-CD WPC | anti-CD WPC | anti-CD WPC,safe | safe
few_shot_flan_t5,17321989,Acute myeloid leukemia and myelodysplastic syndromes,Itraconazole capsules and fluconazole capsules for systemic fungal infections,Prophylactic effect of itraconazole capsules and fluconazole capsules,patients with acute myeloid leukemia and myelodysplastic syndromes : | Japanese | patients with acute myeloid leukemia ( AML ) or myelodysplastic syndromes ( MDS ) during and after chemotherapy . | patients with AML or MDS who received chemotherapy,itraconazole | fluconazole | fluconazole | itraconazole | itraconazole | fluconazole,Adverse events | probable or possible infections | frequency of infection
few_shot_flan_t5,17616069,pospartal anemia,intravenous treatment of postpartum anemia with trivalent ferrum preparation,Effectivity and safety,postpartum | Prague | Prague | 50 women | clinical and lab signs of postpartal anemia,trivalent ferrum preparation ] | trivalent ferrum preparation . | sacharose ferric oxide ( Venofer ) | Venofer | trivalent saccharose ferric oxide,effectivity | safeness | values of red blood count | serum values of soluble transferrin receptors and ferritin | iron cell saturation | body iron reserves | adverse events | effective | serious adverse event
few_shot_json_flan_t5,10070173,Rhinocort Study Group,budesonide aqua,text>,seasonal allergic rhinitis . | Two hundred and eighty-four out-patients | SAR | symptomatic during the ragweed season | 243 | SAR .,budesonide Turbuhaler | budesonide aqua | budesonide Turbuhaler | budesonide aqua | budesonide . | Turbuhaler | Turbuhaler | aqua spray | budesonide aqua | budesonide Turbuhaler | budesonide powder | Turbuhaler | aqua,patients ' preferences | quality of life . | Mean daily nasal symptom scores | eye symptoms . | nasal and non-nasal adverse events | epistaxis | headache . | nasal irritation | quality of life | safe | efficacious
few_shot_json_flan_t5,10390665,children,prophylactic granisetron compared with perphenazine,granisetron compared with perphenazine,children . | tonsillectomy with or without adenoidectomy | children | 90 paediatric patients | ASA I | aged 4-10 years | children undergoing general anaesthesia for tonsillectomy,granisetron | perphenazine | granisetron | perphenazine | granisetron | perphenazine | granisetron | perphenazine | granisetron | perphenazine,"Anti-emetic efficacy | prevention | efficacy | complete response , defined as no emesis with no need for another rescue antiemetic | corresponding incidence | adverse events | long-term prevention | post-operative vomiting"
few_shot_json_flan_t5,10475150,patients with primary hypothyroidism,octreotide,not specified,healthy volunteers and in patients with primary hypothyroidism . | 8 healthy volunteers | 6 women | untreated primary hypothyroidism | healthy volunteers | patients with hypothyroidism | normal subjects and in patients with primary hypothyroidism,somatostatin ( octreotide ) | Somatostatin | somatostatin | saline | octreotide ( Sandostatin ; | octreotide | saline . | octreotide | octreotide | saline ; | octreotide | saline . | octreotide | octreotide | saline ; | octreotide | somatostatin . | somatostatin | octreotide | somatostatin,melatonin secretion | melatonin secretion . | melatonin secretion | nocturnal melatonin secretion | melatonin secretion | urinary excretion of melatonin | GH secretion | nocturnal melatonin secretion | Urinary excretion of melatonin | total nocturnal secretion of TSH | nocturnal secretion and urinary excretion of melatonin
few_shot_json_flan_t5,10578479,women,soy intake,effects of soy intake on sex hormone metabolism,premenopausal women . | 36 premenopausal women | 20 | used OC | premenopausal OC | non-OC users .,soy | soy | soy | soy | soy beverage | soy | soy,"sex hormone metabolism | sex hormone metabolism | serum estrone , estradiol , sex hormone-binding globulin , dehydroepiandrosterone sulfate , prolactin , or progesterone concentrations | menstrual cycle length or the urinary estrogen metabolite ratio of 2-hydroxyestrone to 16 alpha-hydroxyestrone | urinary estrogen metabolites | menstrual cycle , serum sex hormones , or urinary estrogen metabolite ratio"
few_shot_json_flan_t5,10589810,patients,root instrumentation,not specified,40 subjects | 20 | 20,plastic curettes | conventional steel curettes | conventional steel curettes | plastic curettes | non-root substance removing curettes,Clinical effects | clinical effects | bleeding on probing ( BOP ) and probing pocket depth ( PPD ) | BOP percentage | BOP and PPD | BOP percentage | BOP | BOP
few_shot_json_flan_t5,10763172,Randomized ver,combined administration of xylometazoline and dexpanthenol,not specified,after nose surgery | 61 inpatients with the diagnosis Rhinitis following nasal operation | patients following nasal operations | rhinitis following nasal operation,xylometazoline | dexpanthenol ] | Xylometazoline | Dexpanthenol ( Nasic ) | Xylometazoline | verum | placebo | Xylometazoline-Dexpanthenol | Xylometazoline | Xylometazoline-Dexpanthenol | Xylometazoline,wound healing | efficacy | tolerability | nasal-breathing-resistance according to scores | efficacy | tolerability | compliance | improvement | efficacy | tolerability
few_shot_json_flan_t5,10764172,Forty patients,Intrathecal morphine,Effects of morphine on natural killer cell activity,underwent hysterectomy | Forty patients were divided into four groups of ten .,morphine | morphine | morphine | morphine | morphine | morphine,NK cell activity | natural killer ( NK ) cell activity | postoperative pain score and side effects | NK cell activity | NK cell activities | plasma adrenaline | noradrenaline concentrations | plasma cortisol levels | pain score
few_shot_json_flan_t5,10912743,hypertensive patients,low-dose aspirin,BP control,treated hypertensive patients . | hypertensive patients receiving drug treatment | people with one or more cardiovascular risk factors . | hypertension | 142 hypertensive | 76 men | 66 women | mean age 59 +/- 5.9 years | treated with different antihypertensive drugs,aspirin | aspirin | aspirin | aspirin | vitamin E | aspirin | aspirin | aspirin | aspirin | aspirin,clinic and ambulatory blood pressure | blood pressure ( BP ) control | clinic and ambulatory systolic ( SBP ) and diastolic ( DBP ) BP | clinic BP | 24-h ambulatory BP monitoring | clinic SBP and DBP | Ambulatory SBP and DBP | BP
few_shot_json_flan_t5,10934569,children with pervasive developmental disorder,intensive treatment or parent training,not specified,children | pervasive developmental disorder | Young children | pervasive developmental disorder | 7 | autism | 8 | pervasive developmental disorder not otherwise specified -- NOS | 7 with autism | 6 with pervasive developmental disorder NOS | Children | pervasive developmental disorder,intensive early intervention | intensive treatment | parent training . | intensive treatment | parent training | parent training . | intensive treatment | parent training,intelligence | visual-spatial skills | language | academics | adaptive functioning | behavior problems .
few_shot_json_flan_t5,10940525,dogs and cats,selamectin,efficacy and safety,"dogs and cats presented as veterinary patients in North America . | dogs and cats | dogs and cats showing signs of flea allergy dermatitis ( FAD ) . | Dogs and cats with naturally occurring flea infestations , some of which also had signs associated with FAD | 220 dogs , 189 cats | dogs and cats diagnosed clinically with FAD . | 397 dogs free of adult heartworm infection from four heartworm-endemic areas of the USA | 673 dogs and 347 cats | 19 purebred or crossbred Collies ( Bearded , Border , and unspecified ) . | dogs and cats | dogs and cats .",selamectin | selamectin | selamectin | selamectin | selamectin | fenthion | pyrethrins | Selamectin | selamectin-treated | Selamectin | selamectin | ivermectin | Selamectin | Selamectin | selamectin | Selamectin,Efficacy | safety | efficacy | safety | flea comb counts | clinical evaluations of FAD | mean flea counts | mean flea counts | mean flea counts | mean flea counts | heartworm prevention rate | adverse events . | effective | signs associated with FAD . | heartworms | safe
few_shot_json_flan_t5,11099086,children,oral ciprofloxacin,oral ciprofloxacin versus intramuscular ceftriaxone,acute invasive diarrhea | children | children . | acute invasive diarrhea | infants and children | 201 | children ages 6 months to 10 years ( 35 % < 1 year ; 70 % < 3 years ) presenting with acute invasive diarrhea at the Pediatric Emergency Room | ambulatory pediatric patients requiring an emergency room visit .,ciprofloxacin | ceftriaxone | ceftriaxone | ciprofloxacin | ciprofloxacin | ceftriaxone | ciprofloxacin | ceftriaxone | ciprofloxacin | ciprofloxacin | ceftriaxone | ciprofloxacin | ceftriaxone,"efficacy | safety | Stool cultures for Shigella , Salmonella , Campylobacter spp . and diarrheagenic Escherichia coli | Clinical response and safety | Clinical cure or improvement | adverse events | Joint examination | safe | effective"
few_shot_json_flan_t5,11229858,children with malaria,antipyretic drugs,fever peaks,children | malaria | children | malaria | malaria .,antipyretic drugs | antipyretics | naproxen | metamizol | Antipyretic,reduction of fever peaks . | fever clearance
few_shot_json_flan_t5,1131298,10 healthy subjects,garlic and onion,Effect of garlic and onion on alimentary hyperlipemia,10 healthy subjects,essential oils of garlic and onion | garlic and onion | garlic or onion | essential oils | Garlic and onion | garlic | onion . | garlic and onion,serum cholesterol and plasma fibrinogen | coagulation time | fibrinolytic activity . | effects
few_shot_json_flan_t5,11317090,persons with osteoarthritis,aquatic exercise,cost and outcomes,persons with osteoarthritis . | 249 adults from Washington State aged 55 to 75 | doctor-confirmed diagnosis of osteoarthritis,aquatic exercise | aquatic exercise classes | aquatic classes . | aquatic classes . | Aquatic exercisers | Aquatic exercise | aquatic exercise .,"Economic evaluation | cost | outcomes | Cost per quality-adjusted life year ( QALY ) | cost/QALY | Quality of Well-Being Scale ( QWB ) | Current Health Desirability Rating ( CHDR ) | arthritis-specific Health Assessment Questionnaire ( HAQ ) , Center for Epidemiologic Studies-Depression Scale ( CES-D ) | Perceived Quality of Life Scale ( PQOL ) | QALYs . Use of health care facilities | Medicare reimbursement rates | costs/QALY ratios | ( QWB ) | ( CHDR , HAQ , PQOL ) | Costs/QALY | QWB | CHRD . | QALY"
few_shot_json_flan_t5,11381289,patients at high risk,ramipril,not specified,patients at high risk for cardiovascular events .,ramipril | angiotensin-converting enzyme ( ACE ) inhibitor | ramipril | vitamin E | ACE inhibitor,"rates of death , myocardial infarction , stroke , coronary revascularization , cardiac arrest and heart failure | risk of diabetes-related complications and of diabetes itself ."
few_shot_json_flan_t5,11401641,patients,latanoprost,IOP-reducing effect,"patients insufficiently controlled on timolol . | patients with open angle glaucoma or ocular hypertension where IOP is not adequately controlled with timolol . | 53 patients with primary open angle glaucoma , capsular glaucoma , or ocular hypertension with an IOP of at least 21 mmHg on current therapy",timolol | latanoprost | latanoprost | timolol | timolol | timolol | timolol | latanoprost | latanoprost | timolol .,IOP-reducing | intraocular pressure ( IOP ) | IOP | IOP | IOP | IOP | IOP | IOP
few_shot_json_flan_t5,11454878,patients with epithelial ovarian carcinoma,pegylated liposomal doxorubicin,PLD versus topotecan,"patients with epithelial ovarian carcinoma that recurred after or did n't respond to first-line , platinum-based chemotherapy . | Patients with measurable and assessable disease | 474",pegylated liposomal doxorubicin | topotecan . | pegylated liposomal doxorubicin ( PLD ) | topotecan | PLD | topotecan | PLD | topotecan | PLD | topotecan | PLD | topotecan | PLD | PLD | topotecan . | PLD | topotecan | topotecan | topotecan | PLD,efficacy | safety | overall progression-free survival rates | overall response rates | Median overall survival times | overall survival | Severe hematologic toxicity | efficacy | safety
few_shot_json_flan_t5,11495215,nonsmokers,oral contraceptives,cardiovascular reactivity,"Sixty healthy women , half of whom had been using OCs for at least the previous 6 months | two thirds were smokers | One third were nonsmokers .",Oral contraceptive | oral contraceptives ( OCs ) | nicotine | nicotine | OC | nicotine | OC | nicotine | nicotine | OC,"cardiovascular reactivity | cardiovascular and lipid reactivity . | Heart rate , blood pressure , and lipid measures | heart rate and diastolic blood pressure reactivity | cardiovascular or lipid stress reactivity | cardiovascular reactivity"
few_shot_json_flan_t5,11642083,106 males,neoton,text>,myocardial infarction | patients on thrombolytic therapy ( TLT ) . | 106 males | Q-MI,Neoton | thrombolytic therapy | neoton | thrombolytic therapy ( TLT ) | TLT | neoton | TLT | streptokinase | streptokinase preparations | neoton . | neoton | neoton | Neoton,"systolic function of the left ventricle , arrhythmia and clinical symptoms | Left ventricular systolic function | arrhythmia | systolic and diastolic volumes | left ventricular systolic dysfunction"
few_shot_json_flan_t5,11737955,older adults,Antioxidant supplementation,antipyrine hydroxylates,the 60-year-old | older adults ( 60 ( SE 1 ) years ; BMI 26 ( SE 1 ) kg/m ( 2 ) ) | 60-year-old subjects,Antioxidant supplementation | antipyrine | antioxidant supplementation | dl-alpha-tocopheryl acetate | ascorbic acid | beta-carotene | placebo | Antipyrine | antioxidant supplementation,para- and ortho-hydroxyantipyrine to antipyrine . | thiobarbituric acid reactive substances in plasma . | free radical products of antipyrine .
few_shot_json_flan_t5,11750293,Twenty-two patients,rheumatoid arthritis,"Disability, illness perceptions, pain and coping",recent onset rheumatoid arthritis : | patients with recently diagnosed rheumatoid arthritis ( RA ) | Twenty-two patients with a history of recently diagnosed RA of less than 2 years | 22 patients,standard outpatient clinic treatment,"disability | illness perceptions | pain | coping | depression . | clinical outcome and process measures | predict depression | depression , disability , pain , beliefs about the consequences of arthritis and coping strategies ."
few_shot_json_flan_t5,11829043,patients who had undergone stoma surgery,progressive muscle relaxation training,anxiety and self-reported QoL,patients after stoma surgery . Eighteen patients who had undergone stoma surgery | patients after stoma surgery .,progressive muscle relaxation training | progressive muscle relaxation training ( PMRT ) | PMRT,"anxiety level and self-reported quality of life ( QoL ) | Chinese State-Trait Anxiety Inventory ( C-STAI ) , the Quality of Life Index for Colostomy ( QoL-Colostomy ) and the Hong Kong Chinese version of the World Health Organisation Quality of Life Scale ( WHOQoL ) . | C-STAI score | WHOQoL score | WHOQoL | QoL | QoL-Colostomy | quality of life | anxiety"
few_shot_json_flan_t5,11891832,44 patients,methotrexate,weakness progression,inclusion body myositis | 44 patients with inclusion body myositis,methotrexate | placebo . | methotrexate | methotrexate | placebo | methotrexate | methotrexate,"weakness progression | disease progression | Mean change of quantitative muscle strength testing sum scores | Quantitative muscle strength testing sum scores | manual muscle testing sum scores , activity scale scores and patients ' own assessments | Serum creatine kinase activity | progression of muscle weakness | serum creatine kinase activity ."
few_shot_json_flan_t5,12139812,208 patients,limbal epithelial autograft transplant,not specified,pterygium | pterygium . | 208 patients | initial pterygium,[ Limbal epithelial autograft transplantation | limbal epithelial autograft transplantation | pterygium excision | excision of pterygium | limbal epithelial autograft transplantation surgery | simple pterygium excision | limbal epithelial autograft transplantation,epithelial healing | abnormal proliferation of pterygium-like tissue .
few_shot_json_flan_t5,12477021,the Reichert AT550,text>,Intra-ocular pressure,Thirty-five university students were assessed,Reichert AT550 : | Reichert AT550 . | Reichert Xpert Plus | Goldmann applanation tonometer | Perkins tonometer . | AT550 NCT | Goldmann tonometer | AT550 NCT | Goldmann tonometry,Clinical performance | level of accuracy | measurements | IOP
few_shot_json_flan_t5,12576806,animals,endopyelotomy,endopyelotomy,57 | patients with primary ureteropelvic junction obstruction,stenting | Internal stenting | stenting | 7/14Fr internal endopyelotomy stent placement,optimum duration of stenting | symptoms | ipsilateral glomerular filtration rate . | drainage pattern . | Stent related symptoms | urinary tract infections | duration | stent related complications .
few_shot_json_flan_t5,12586799,patients,concurrent chemoradiotherapy,overall and progression-free survival,advanced nasopharyngeal carcinoma : | patients with advanced NPC . | From December 1993 to April 1999 | 284 patients with 1992 American Joint Committee on Cancer stage III to IV ( M0 ) NPC | patients with advanced NPC,concurrent chemoradiotherapy | radiotherapy | concurrent chemoradiotherapy ( CCRT ) | radiotherapy ( RT ) | chemotherapy | cisplatin | fluorouracil | CCRT | RT-alone | CCRT | RT-only | CCRT | RT-only | CCRT | CCRT | RT,overall and progression-free survival . | Survival analysis | tumor relapse | 5-year overall survival rates | 5-year progression-free survival rates | toxicity | leukopenia | emesis | treatment-related deaths
few_shot_json_flan_t5,12595499,people at high cardiovascular risk,renal disease,not specified,people at high cardiovascular risk | people with diabetes | 7674 participants with albuminuria data at baseline and at follow-up | nondiabetic and in diabetic people .,ramipril 's | placebo | Ramipril | Ramipril,clinical proteinuria | progression of albuminuria | microalbuminuria | clinical proteinuria . | progression | albuminuria . | progression of albuminuria .
few_shot_json_flan_t5,12709693,outpatient colonoscopy,Conscious analgesia/sedation,Conscious analgesia/sedation,outpatient colonoscopy . | 100 adult patients,remifentanil | propofol | fentanyl | midazolam | propofol | remifentanil | propofol | midazolam | fentanyl | propofol | remifentanil | propofol | fentanyl | midazolam | propofol | remifentanil | propofol,Cardiorespiratory parameters | bispectral index | Numerical Pain Rating Scale ( NRS ) | recovery level | return of psychomotor efficiency | Aldrete scale | Modified Post Anesthesia Discharge Scoring ( MPADS ) system | pain intensity score | maximum MPADS score | mean arterial pressure and heart rate and signs of respiratory depression | analgesia | hemodynamic stability | respiratory depression | rapid recovery
few_shot_json_flan_t5,1286547,IDDM-type diabetes mellitus,dihydropyridine calcium channel blocker,platelet thromboxane formation,borderline hypertensive patients with IDDM-type diabetes mellitus . Twenty-nine IDDM patients with borderline hypertension | diabetic patients with borderline hypertension .,dihydropyridine calcium channel blocker | nitrendipine | placebo | nitrendipine | Nitrendipine | placebo | nitrendipine | nitrendipine | nitrendipine,platelet thromboxane formation | Stimulated platelet thromboxane formation | plasma levels of platelet factor 4 and aggregation responses to collagen and ADP | thromboxane formation | Exercise induced change of thromboxane synthesis | PF4 plasma levels | Whole blood aggregation after collagen stimulation | aggregation | collagen dependent platelet activation
few_shot_json_flan_t5,12960652,infants,Gastric dysrhythmia,Gastric dysrhythmia,"infants | gastrointestinal diseases | infants with different gastrointestinal diseases | 21 patients | age 0-2 months | 40 healthy infants | age 0-2 months | patients suffered from partial or total intestinal obstruction , necrotizing enterocolitis or pyloric stenosis.All infants were fasting",epigastric impedance | Epigastric impedance | epigastric impedance | epigastric impedance,epigastric impedance | phasic activity | frequency phasic activity | phasic activity
few_shot_json_flan_t5,1459268,patients,gonadotropin-releasing hormone agonist,not specified,in vitro fertilization ( IVF ) | Forty-eight patients having IVF for the first time | undergoing IVF,gonadotropin-releasing hormone agonist | gonadotropin-releasing hormone agonist ( GnRH-a ) | GnRH-a .,"usefulness | Response to ovarian stimulation and occurrence of spontaneous luteinizing hormone ( LH ) surges . | ovulation induction , fertilization , and pregnancy rates | LH surge ."
few_shot_json_flan_t5,14679127,patients with advanced epithelial ovarian cancer,topotecan versus paclitaxel,Long-term survival,advanced epithelial ovarian carcinoma . | patients with advanced epithelial ovarian cancer who had failed one prior platinum-based regimen . | Patients with bidimensionally measurable disease | 226 | ovarian cancer .,topotecan | paclitaxel | topotecan | paclitaxel | topotecan | paclitaxel | topotecan | paclitaxel | topotecan | paclitaxel | Topotecan | paclitaxel | topotecan,European Organisation for Research and Treatment of Cancer Quality of Life ( EORTC QOL ) -C30 questionnaire | pain | anorexia | diarrhoea | fatigue | nausea | vomiting | dyspnea | constipation | insomnia | progression | median survival | efficacy | survival | haematological toxicity . Non-haematological toxicity
few_shot_json_flan_t5,14739125,humans,torcetrapib,high-density lipoprotein,healthy young | Five groups of 8 subjects each,torcetrapib . | cholesteryl ester transfer protein ( CETP ) inhibitor torcetrapib | placebo | torcetrapib | Torcetrapib,plasma drug levels | Total plasma cholesterol | nonHDL-C | low-density lipoprotein cholesterol | Apolipoprotein A-I and E | apoB | Cholesteryl ester content | triglyceride
few_shot_json_flan_t5,14763035,patients,Valsartan,LVH,left ventricular hypertrophy | patients on continuous ambulatory peritoneal dialysis ( CAPD ) . | 24 CAPD patients with LVH [ left ventricular mass index ( LVMi ) > 110 g/m2 for women | LVMi > 137 g/m2 for men,Valsartan | selective angiotensin II receptor blocker ( ARB ) | ARB valsartan | placebo | ARB . | ARB | placebo | ARB,"blood pressure ( BP ) | aortic and large-artery compliance | arterial wave reflections [ pulse wave velocity ( PWV ) | augmentation index ( AI ) application tonometry ] | cardiac echocardiography . | body weight , BP ( mercury sphygmomanometer ) , serum creatinine , electrolytes , complete blood cell counts , urine volume , drainage volume , and weekly creatinine clearance . | Systolic and diastolic BP | LVMi | LVMi | PWV | AI | LVMi"
few_shot_json_flan_t5,15014018,melanoma,adjuvant high-dose interferon,adjuvant high-dose interferon,Nearly 2000 patients with stage IIB and III melanoma | patients with high-risk resected melanoma,interferon | IFN-alpha 2b | IFN-alpha 2b ( HDI ) | Obs | HDI | Obs | HDI | Obs,relapse-free survival ( RFS ) | overall survival ( OS ) | RFS | OS | RFS | OS
few_shot_json_flan_t5,15133359,text>,CS cannulation,not specified,biventricular implantation | Thirty-four consecutive patients,catheters | guiding catheter alone | GCA | electrophysiology catheter advanced | electrophysiology catheter aided | EPA | GCA | GCA | EPA | EPA | GCA | EPA | GCA | EPA | GCA,"CS cannulation time | Time to successful catheterization of CS | Fluoroscopy time | contrast dye volume | procedural time , fluoroscopy time | contrast dye volume"
few_shot_json_flan_t5,15193668,children,descriptive and explanatory information,perceptions and behavioral intentions toward an unfamiliar child with autism,peers | peers | child with autism . Children | 576 | M age = 10.06 | children 's,descriptive ( AUT-D ) | descriptive and explanatory information ( AUT-D + E ) . | descriptive and explanatory information,peers ' perceptions | peers ' perceptions | behavioral intentions | ( Adjective Checklist ) | ( Shared Activities Questionnaire ) | children 's attitudes | behavioral intentions
few_shot_json_flan_t5,15358868,adults with autism,visual discrimination ability,visual search in adults with autism,adults with autism . | adults with autism . | adults with autism,,searching for targets . | visual search performance | visual discrimination ability . | unique item detection
few_shot_json_flan_t5,15848261,Twenty-six patients within 3 months of onset of stroke,specialised balance retraining program,gait improvement,stroke patients ] | post-acute hemiparetic patients | Twenty-six patients within 3 months of onset of stroke,conventional physical therapy alone | specialised balance retraining program | physical therapy | therapy and retraining | conventional therapy | therapy | standing balance training by biofeedback ( BPM Monitor ) | conventional therapy .,gait improvement | Gait spatiotemporal parameters | clinical scores | time between stroke and the beginning of walking | Gait velocity | walking pattern | duration of the paretic limb single stance . | duration of the reception double stance on the paretic limb
few_shot_json_flan_t5,15854186,98 patients,cophenylcaine or placebo nasal spray,Cophenylcaine spray versus placebo in flexible nasendoscopy,flexible nasendoscopy : | 98 patients | flexible nasendoscopy . | flexible nasendoscopy .,Cophenylcaine | placebo | cophenylcaine | placebo | cophenylcaine | cophenylcaine,"pain , unpleasantness of taste and overall discomfort experienced . | pain and discomfort | pain or overall discomfort | sensation of bad taste | unpleasantness | pain | unpleasantness of taste ."
few_shot_json_flan_t5,15858959,children,probiotic agents,Effects of Saccharomyces boulardii,children | acute diarrhoea | children with acute diarrhoea . | Two hundred children | acute diarrhoea in children,Saccharomyces boulardii | Saccharomyces boulardii . | S. boulardii | S. boulardii | S. boulardii | placebo | placebo | S. boulardii | placebo | S. boulardii | placebo | S. boulardii | S. boulardii | placebo | placebo | S. boulardii | S. boulardii | S. boulardii,average stool frequency | duration of diarrhoea | duration of hospital stay | duration of acute diarrhoea | duration of hospital stay
few_shot_json_flan_t5,16167234,patients who underwent digestive surgery,branch chain amino acid enriched formula,Nutrition status and postoperative fatigue,after digestive surgery ] | digestive surgery patients . | Forty patients who underwent digestive surgery | digestive surgery patients .,amino acid enriched formula | branch chain amino acid ( BCAA ) enriched formula | BCAA enriched | routine amino acid | BCAA | BCAA-enriched | BCAA enriched formula,"postoperative fatigue | nutritional status | nutritional status | postoperative fatigue | Nitrogen balance , serum total protein , albumin , prealbumin , transferrin , retinol binding protein and postoperative fatigue score | cumulative postoperative fatigue scores | nitrogen balance | cumulative nitrogen balance | serum total protein , albumin , prealbumin , transferrin | serum level of retinol binding protein | postoperative fatigue score | nutritional status"
few_shot_json_flan_t5,16295154,parents of children,intervention pilot,not specified,parents of children | autistic spectrum disorder | Parents of children | diagnosis of autistic spectrum disorder ( ASD ) | parents of children with ASD,"Intervention | nursing intervention | post-diagnosis nursing intervention | usual care | contact with a pediatric nurse practitioner ( PNP ) for counseling , instruction , and assistance with implementation of the recommended treatment plan | usual care | consultation session to receive the results of diagnostic tests and a written copy of the recommended treatment plan","parents ' reports of stress | impact of event ( diagnosis ) | use of services | "" impact of event "" | "" perceived stress """
few_shot_json_flan_t5,16427787,placebo controlled functional ma,Melatonin,Effects of melatonin on brain activities,human,melatonin | melatonin | Melatonin | placebo | melatonin | melatonin | melatonin | melatonin,effects | task-related activity | subjective measurements of fatigue . | activation in the left parahippocampus | brain activity | fatigue
few_shot_json_flan_t5,16505427,patients with cancer,erythropoietin,erythropoietin alfa,anemic patients with cancer . | patients with cancer-associated anemia . | Three hundred sixty-five patients,erythropoietin | epoetin alfa | epoetin alfa | epoetin alfa | epoetin alfa | epoetin alfa | epoetin alfa | epoetin alfa .,requiring transfusions | hemoglobin ( Hb ) increment | drug dose | Hb | Hb | Toxicities | thromboembolism | overall survival | global quality of life ( QOL ) | global QOL | QOL | transfusion needs | QOL . | Hb increment
few_shot_json_flan_t5,1669598,asthma,local immunotherapy by inhalation of a powder extract,text>,10 patients with asthma due to HDM,immunotherapy | immunotherapy | local immunotherapy | powder extract of house dust mite ( HDM ) | parenteral immunotherapy ( PI ) | placebo | lactose | disodium cromoglycate ( DSCG ),efficacy | tolerability | symptoms score | peak expiratory flow ( PEF ) -derived parameters | bronchial response | bronchial responsiveness | immunologic humoral and cellular parameters in peripheral blood | local important adverse reactions | systemic side effects | systemic side effects .
few_shot_json_flan_t5,17293018,Clostridium difficile,whey protein concentrate,not specified,patients with C. difficile-associated diarrhea ( CDAD ) | 77 patients with CDAD | patients with CDAD . | individuals with CDAD,whey protein concentrate | whey protein concentrate | immunized against Clostridium difficile ( C. | anti-C. difficile whey protein concentrate ( anti-CD WPC ) | anti-CD WPC | regular whey protein concentrate . | anti-CD WPC | anti-CD WPC | anti-CD WPC,safe | safe
few_shot_json_flan_t5,17321989,Japanese,fluconazole capsules,Prophylactic effect of itraconazole capsules and fluconazole capsules for systemic fungal infections,patients with acute myeloid leukemia and myelodysplastic syndromes : | Japanese | patients with acute myeloid leukemia ( AML ) or myelodysplastic syndromes ( MDS ) during and after chemotherapy . | patients with AML or MDS who received chemotherapy,itraconazole | fluconazole | fluconazole | itraconazole | itraconazole | fluconazole,Adverse events | probable or possible infections | frequency of infection
few_shot_json_flan_t5,17616069,pospartal anemia,intravenous treatment of postpartum anemia with trivalent ferrum preparation,effectivity and safety,postpartum | Prague | Prague | 50 women | clinical and lab signs of postpartal anemia,trivalent ferrum preparation ] | trivalent ferrum preparation . | sacharose ferric oxide ( Venofer ) | Venofer | trivalent saccharose ferric oxide,effectivity | safeness | values of red blood count | serum values of soluble transferrin receptors and ferritin | iron cell saturation | body iron reserves | adverse events | effective | serious adverse event
finetuned_distilbert,10070173,seasonal allergic rhinitis | Two hundred and eighty-four,budesonide Turbuhaler | budesonide aqua | budesonide Turbuhaler 400 | budesonide aqua 256 | Turbuhaler | budesonide,quality of life | Mean daily nasal symptom scores | nasal and non-nasal adverse events | epistaxis and headache | nasal irritation | in quality of life,seasonal allergic rhinitis . | Two hundred and eighty-four out-patients | SAR | symptomatic during the ragweed season | 243 | SAR .,budesonide Turbuhaler | budesonide aqua | budesonide Turbuhaler | budesonide aqua | budesonide . | Turbuhaler | Turbuhaler | aqua spray | budesonide aqua | budesonide Turbuhaler | budesonide powder | Turbuhaler | aqua,patients ' preferences | quality of life . | Mean daily nasal symptom scores | eye symptoms . | nasal and non-nasal adverse events | epistaxis | headache . | nasal irritation | quality of life | safe | efficacious
finetuned_distilbert,10390665,children | 90 | 4-10 years,prophylactic granisetron | perphenazine | granisetron | granisetron 40 | kg-1,efficacy | post-operative | clinically serious adverse events | post-operative vomiting,children . | tonsillectomy with or without adenoidectomy | children | 90 paediatric patients | ASA I | aged 4-10 years | children undergoing general anaesthesia for tonsillectomy,granisetron | perphenazine | granisetron | perphenazine | granisetron | perphenazine | granisetron | perphenazine | granisetron | perphenazine,"Anti-emetic efficacy | prevention | efficacy | complete response , defined as no emesis with no need for another rescue antiemetic | corresponding incidence | adverse events | long-term prevention | post-operative vomiting"
finetuned_distilbert,10475150,healthy | primary hypothyroidism | 8 | 6 women | hypothyroidism,somatostatin ( octreotide ) | Somatostatin | saline | octreotide ( Sandostatin | octreotide | melatonin,secretion | urinary excretion of melatonin | GH secretion | nocturnal melatonin secretion | total nocturnal secretion of TSH | nocturnal secretion | urinary excretion,healthy volunteers and in patients with primary hypothyroidism . | 8 healthy volunteers | 6 women | untreated primary hypothyroidism | healthy volunteers | patients with hypothyroidism | normal subjects and in patients with primary hypothyroidism,somatostatin ( octreotide ) | Somatostatin | somatostatin | saline | octreotide ( Sandostatin ; | octreotide | saline . | octreotide | octreotide | saline ; | octreotide | saline . | octreotide | octreotide | saline ; | octreotide | somatostatin . | somatostatin | octreotide | somatostatin,melatonin secretion | melatonin secretion . | melatonin secretion | nocturnal melatonin secretion | melatonin secretion | urinary excretion of melatonin | GH secretion | nocturnal melatonin secretion | Urinary excretion of melatonin | total nocturnal secretion of TSH | nocturnal secretion and urinary excretion of melatonin
finetuned_distilbert,10578479,premenopausal | 36,soy | phytoestrogens | soy products | isoflavonoid | contraceptives | OC | soy beverage | isoflavones,"serum estrone , estradiol , sex hormone-binding globulin , dehydroepiandrosterone sulfate , prolactin , or progesterone concentrations | soy feeding | menstrual cycle length | the urinary estrogen metabolite ratio of 2-hydroxyestrone to 16 alpha-hydroxyestrone | Levels of urinary estrogen metabolites | cycle | serum sex hormones | urinary estrogen metabolite ratio",premenopausal women . | 36 premenopausal women | 20 | used OC | premenopausal OC | non-OC users .,soy | soy | soy | soy | soy beverage | soy | soy,"sex hormone metabolism | sex hormone metabolism | serum estrone , estradiol , sex hormone-binding globulin , dehydroepiandrosterone sulfate , prolactin , or progesterone concentrations | menstrual cycle length or the urinary estrogen metabolite ratio of 2-hydroxyestrone to 16 alpha-hydroxyestrone | urinary estrogen metabolites | menstrual cycle , serum sex hormones , or urinary estrogen metabolite ratio"
finetuned_distilbert,10589810,40 | 20,root instrumentation | conventional steel | non-tooth substance removing plastic curettes | therapy | substance removing curettes | curettes | plastic curettes | conventional steel curettes | SPT,bleeding on probing ( BOP ) | probing pocket depth ( PPD ) | BOP,40 subjects | 20 | 20,plastic curettes | conventional steel curettes | conventional steel curettes | plastic curettes | non-root substance removing curettes,Clinical effects | clinical effects | bleeding on probing ( BOP ) and probing pocket depth ( PPD ) | BOP percentage | BOP and PPD | BOP percentage | BOP | BOP
finetuned_distilbert,10763172,61 | operation | 30,xylometazoline | dexpanthenol ] | Xylometazoline with Dexpanthenol ( Nasic ) | Xylometazoline alone | placebo | Xylometazoline-Dexpanthenol nasal-spray | Xylometazoline nasal spray | Xylometazoline-Dexpanthenol,wound healing | efficacy | tolerability | nasal-breathing-resistance according to | symptoms | medicinal treatment | rhinitis,after nose surgery | 61 inpatients with the diagnosis Rhinitis following nasal operation | patients following nasal operations | rhinitis following nasal operation,xylometazoline | dexpanthenol ] | Xylometazoline | Dexpanthenol ( Nasic ) | Xylometazoline | verum | placebo | Xylometazoline-Dexpanthenol | Xylometazoline | Xylometazoline-Dexpanthenol | Xylometazoline,wound healing | efficacy | tolerability | nasal-breathing-resistance according to scores | efficacy | tolerability | compliance | improvement | efficacy | tolerability
finetuned_distilbert,10764172,hysterectomy | Forty,Intrathecal morphine | morphine | intrathecal 0.5 mg morphine ( Group IT0.5 ) | intrathecal 0.1 mg morphine ( Group IT0.1 | 10 mg morphine i.v . | inhalation anesthesia alone,NK | ( | ) | blood | postoperative pain score | side effects | NK cell activity | NK cell activities | plasma adrenaline | noradrenaline concentrations | plasma cortisol levels | pain score,underwent hysterectomy | Forty patients were divided into four groups of ten .,morphine | morphine | morphine | morphine | morphine | morphine,NK cell activity | natural killer ( NK ) cell activity | postoperative pain score and side effects | NK cell activity | NK cell activities | plasma adrenaline | noradrenaline concentrations | plasma cortisol levels | pain score
finetuned_distilbert,10912743,treated hypertensive patients | Fifteen | 142 | 76 men | 66 women | 59 +/- 5.9 | 71,low-dose aspirin | aspirin,clinic and ambulatory blood pressure | blood pressure ( BP ) control | systolic ( SBP ) | ( DBP ) | clinic SBP and DBP | Ambulatory SBP and DBP | deltaDBP,treated hypertensive patients . | hypertensive patients receiving drug treatment | people with one or more cardiovascular risk factors . | hypertension | 142 hypertensive | 76 men | 66 women | mean age 59 +/- 5.9 years | treated with different antihypertensive drugs,aspirin | aspirin | aspirin | aspirin | vitamin E | aspirin | aspirin | aspirin | aspirin | aspirin,clinic and ambulatory blood pressure | blood pressure ( BP ) control | clinic and ambulatory systolic ( SBP ) and diastolic ( DBP ) BP | clinic BP | 24-h ambulatory BP monitoring | clinic SBP and DBP | Ambulatory SBP and DBP | BP
finetuned_distilbert,10934569,children | pervasive developmental disorder | Young | autism,intensive early intervention | intensive treatment | parent training | training,"measures of intelligence , visual-spatial skills , language , and academics , | adaptive functioning or behavior problems",children | pervasive developmental disorder | Young children | pervasive developmental disorder | 7 | autism | 8 | pervasive developmental disorder not otherwise specified -- NOS | 7 with autism | 6 with pervasive developmental disorder NOS | Children | pervasive developmental disorder,intensive early intervention | intensive treatment | parent training . | intensive treatment | parent training | parent training . | intensive treatment | parent training,intelligence | visual-spatial skills | language | academics | adaptive functioning | behavior problems .
finetuned_distilbert,10940525,Not Found,selamectin | product | ivermectin,Efficacy and safety | flea allergy dermatitis ( FAD ) | Flea burdens | flea comb | mean flea counts | heartworm,"dogs and cats presented as veterinary patients in North America . | dogs and cats | dogs and cats showing signs of flea allergy dermatitis ( FAD ) . | Dogs and cats with naturally occurring flea infestations , some of which also had signs associated with FAD | 220 dogs , 189 cats | dogs and cats diagnosed clinically with FAD . | 397 dogs free of adult heartworm infection from four heartworm-endemic areas of the USA | 673 dogs and 347 cats | 19 purebred or crossbred Collies ( Bearded , Border , and unspecified ) . | dogs and cats | dogs and cats .",selamectin | selamectin | selamectin | selamectin | selamectin | fenthion | pyrethrins | Selamectin | selamectin-treated | Selamectin | selamectin | ivermectin | Selamectin | Selamectin | selamectin | Selamectin,Efficacy | safety | efficacy | safety | flea comb counts | clinical evaluations of FAD | mean flea counts | mean flea counts | mean flea counts | mean flea counts | heartworm prevention rate | adverse events . | effective | signs associated with FAD . | heartworms | safe
finetuned_distilbert,11099086,children | infants | 201 | 6 months to 10 years,Oral ciprofloxacin | intramuscular ceftriaxone | ciprofloxacin | ciprofloxacin suspension | placebo | im ceftriaxone | ceftriaxone,efficacy | safety | diarrheagenic | Clinical response and safety | Overall bacteriologic eradication | Clinical cure or improvement | Serum ciprofloxacin values | drug-related adverse events,acute invasive diarrhea | children | children . | acute invasive diarrhea | infants and children | 201 | children ages 6 months to 10 years ( 35 % < 1 year ; 70 % < 3 years ) presenting with acute invasive diarrhea at the Pediatric Emergency Room | ambulatory pediatric patients requiring an emergency room visit .,ciprofloxacin | ceftriaxone | ceftriaxone | ciprofloxacin | ciprofloxacin | ceftriaxone | ciprofloxacin | ceftriaxone | ciprofloxacin | ciprofloxacin | ceftriaxone | ciprofloxacin | ceftriaxone,"efficacy | safety | Stool cultures for Shigella , Salmonella , Campylobacter spp . and diarrheagenic Escherichia coli | Clinical response and safety | Clinical cure or improvement | adverse events | Joint examination | safe | effective"
finetuned_distilbert,11229858,children | malaria,antipyretic drugs | antipyretics | naproxen | metamizol | Antipyretic treatment,fever peaks | fever clearance,children | malaria | children | malaria | malaria .,antipyretic drugs | antipyretics | naproxen | metamizol | Antipyretic,reduction of fever peaks . | fever clearance
finetuned_distilbert,1131298,alimentary hyperlipemia | 10,essential oils | garlic and onion | garlic or onion | Garlic | onion,alimentary hyperlipemia | serum cholesterol and plasma fibrinogen | coagulation time and fibrinolytic activity,10 healthy subjects,essential oils of garlic and onion | garlic and onion | garlic or onion | essential oils | Garlic and onion | garlic | onion . | garlic and onion,serum cholesterol and plasma fibrinogen | coagulation time | fibrinolytic activity . | effects
finetuned_distilbert,11317090,osteoarthritis | 249 adults | 55 to 75,aquatic exercise | exercise,cost | Cost per quality-adjusted life year ( QALY ) | Quality of Well-Being Scale ( QWB ) | Current Health Desirability Rating ( CHDR ) | Scale ( CES-D | Quality of Life Scale ( | ) | health-related quality of life | Costs/QALY,persons with osteoarthritis . | 249 adults from Washington State aged 55 to 75 | doctor-confirmed diagnosis of osteoarthritis,aquatic exercise | aquatic exercise classes | aquatic classes . | aquatic classes . | Aquatic exercisers | Aquatic exercise | aquatic exercise .,"Economic evaluation | cost | outcomes | Cost per quality-adjusted life year ( QALY ) | cost/QALY | Quality of Well-Being Scale ( QWB ) | Current Health Desirability Rating ( CHDR ) | arthritis-specific Health Assessment Questionnaire ( HAQ ) , Center for Epidemiologic Studies-Depression Scale ( CES-D ) | Perceived Quality of Life Scale ( PQOL ) | QALYs . Use of health care facilities | Medicare reimbursement rates | costs/QALY ratios | ( QWB ) | ( CHDR , HAQ , PQOL ) | Costs/QALY | QWB | CHRD . | QALY"
finetuned_distilbert,11381289,Not Found,ramipril | an angiotensin-converting enzyme ( ACE ) inhibitor | vitamin E | ACE inhibitor therapy,"rates of death | myocardial infarction , stroke , coronary revascularization , cardiac arrest and heart failure | complications | blood pressure",patients at high risk for cardiovascular events .,ramipril | angiotensin-converting enzyme ( ACE ) inhibitor | ramipril | vitamin E | ACE inhibitor,"rates of death , myocardial infarction , stroke , coronary revascularization , cardiac arrest and heart failure | risk of diabetes-related complications and of diabetes itself ."
finetuned_distilbert,11401641,open angle glaucoma or ocular hypertension | 53 | open angle glaucoma | glaucoma | hypertension,latanoprost | timolol,intraocular pressure ( IOP ) | IOP | IOP reduction,"patients insufficiently controlled on timolol . | patients with open angle glaucoma or ocular hypertension where IOP is not adequately controlled with timolol . | 53 patients with primary open angle glaucoma , capsular glaucoma , or ocular hypertension with an IOP of at least 21 mmHg on current therapy",timolol | latanoprost | latanoprost | timolol | timolol | timolol | timolol | latanoprost | latanoprost | timolol .,IOP-reducing | intraocular pressure ( IOP ) | IOP | IOP | IOP | IOP | IOP | IOP
finetuned_distilbert,11454878,epithelial ovarian carcinoma | disease | 474,pegylated liposomal doxorubicin | topotecan | pegylated liposomal doxorubicin ( PLD ) | platinum-based chemotherapy | PLD 50 | infusion | topotecan 1.5 | PLD,efficacy and safety | overall progression-free survival rates | overall response rates | Median overall survival times | progression-free survival | overall survival | survival trend | Severe hematologic toxicity,"patients with epithelial ovarian carcinoma that recurred after or did n't respond to first-line , platinum-based chemotherapy . | Patients with measurable and assessable disease | 474",pegylated liposomal doxorubicin | topotecan . | pegylated liposomal doxorubicin ( PLD ) | topotecan | PLD | topotecan | PLD | topotecan | PLD | topotecan | PLD | topotecan | PLD | PLD | topotecan . | PLD | topotecan | topotecan | topotecan | PLD,efficacy | safety | overall progression-free survival rates | overall response rates | Median overall survival times | overall survival | Severe hematologic toxicity | efficacy | safety
finetuned_distilbert,11495215,nonsmokers | Women | Sixty,Oral contraceptive | oral contraceptives ( OCs | OCs | nicotine gum,"cardiovascular reactivity | cardiovascular and lipid reactivity | Heart rate , blood pressure , and lipid measures | heart rate and diastolic blood pressure reactivity | cardiovascular or lipid stress reactivity","Sixty healthy women , half of whom had been using OCs for at least the previous 6 months | two thirds were smokers | One third were nonsmokers .",Oral contraceptive | oral contraceptives ( OCs ) | nicotine | nicotine | OC | nicotine | OC | nicotine | nicotine | OC,"cardiovascular reactivity | cardiovascular and lipid reactivity . | Heart rate , blood pressure , and lipid measures | heart rate and diastolic blood pressure reactivity | cardiovascular or lipid stress reactivity | cardiovascular reactivity"
finetuned_distilbert,11642083,myocardial | ( TLT | 106 males | 47 | 30 | 29,Neoton and thrombolytic therapy | neoton therapy | therapy | treatment without TLT and neoton | TLT with streptokinase preparations | streptokinase preparations and neoton | neoton | TLT,systolic function | the left ventricle | arrhythmia | symptoms | Left ventricular systolic function | progression of left ventricular dilation | end systolic and diastolic volumes of the left ventricle | Antiarrhythmic action | left ventricular systolic dysfunction,myocardial infarction | patients on thrombolytic therapy ( TLT ) . | 106 males | Q-MI,Neoton | thrombolytic therapy | neoton | thrombolytic therapy ( TLT ) | TLT | neoton | TLT | streptokinase | streptokinase preparations | neoton . | neoton | neoton | Neoton,"systolic function of the left ventricle , arrhythmia and clinical symptoms | Left ventricular systolic function | arrhythmia | systolic and diastolic volumes | left ventricular systolic dysfunction"
finetuned_distilbert,11737955,60-year-old | older adults,Antioxidant supplementation | antipyrine | supplementation | dl-alpha-tocopheryl acetate | ascorbic acid | beta-carotene | placebo | para-,plasma concentrations of alpha-tocopherol | beta-carotene | and ortho-hydroxyantipyrine to antipyrine | exercise-induced increase in thiobarbituric acid reactive substances in plasma | oxidative stress,the 60-year-old | older adults ( 60 ( SE 1 ) years ; BMI 26 ( SE 1 ) kg/m ( 2 ) ) | 60-year-old subjects,Antioxidant supplementation | antipyrine | antioxidant supplementation | dl-alpha-tocopheryl acetate | ascorbic acid | beta-carotene | placebo | Antipyrine | antioxidant supplementation,para- and ortho-hydroxyantipyrine to antipyrine . | thiobarbituric acid reactive substances in plasma . | free radical products of antipyrine .
finetuned_distilbert,11750293,arthritis | diagnosed rheumatoid arthritis ( RA ) | Twenty-two | RA | 22,Not Found,depressed | depression | disability | pain | beliefs,recent onset rheumatoid arthritis : | patients with recently diagnosed rheumatoid arthritis ( RA ) | Twenty-two patients with a history of recently diagnosed RA of less than 2 years | 22 patients,standard outpatient clinic treatment,"disability | illness perceptions | pain | coping | depression . | clinical outcome and process measures | predict depression | depression , disability , pain , beliefs about the consequences of arthritis and coping strategies ."
finetuned_distilbert,11829043,stoma surgery | Eighteen,progressive muscle relaxation training | progressive muscle relaxation training ( PMRT ),anxiety level | self-reported quality of life ( QoL ) | Chinese State-Trait Anxiety Inventory ( C-STAI ) | Quality of Life Index for Colostomy ( QoL-Colostomy | Hong Kong Chinese version of the World Health Organisation Quality of Life Scale ( WHOQoL ) | C-STAI score | WHOQoL score | physical health/independence | general perception of QoL | quality of life | state anxiety,patients after stoma surgery . Eighteen patients who had undergone stoma surgery | patients after stoma surgery .,progressive muscle relaxation training | progressive muscle relaxation training ( PMRT ) | PMRT,"anxiety level and self-reported quality of life ( QoL ) | Chinese State-Trait Anxiety Inventory ( C-STAI ) , the Quality of Life Index for Colostomy ( QoL-Colostomy ) and the Hong Kong Chinese version of the World Health Organisation Quality of Life Scale ( WHOQoL ) . | C-STAI score | WHOQoL score | WHOQoL | QoL | QoL-Colostomy | quality of life | anxiety"
finetuned_distilbert,11891832,44 | inclusion body myositis,methotrexate | placebo | oral methotrexate | placebo-controlled,weakness progression | muscle strength testing sum scores | Quantitative muscle strength testing sum scores | manual muscle testing sum scores | activity scale scores | patients ' own assessments | Serum creatine kinase activity | progression | muscle weakness,inclusion body myositis | 44 patients with inclusion body myositis,methotrexate | placebo . | methotrexate | methotrexate | placebo | methotrexate | methotrexate,"weakness progression | disease progression | Mean change of quantitative muscle strength testing sum scores | Quantitative muscle strength testing sum scores | manual muscle testing sum scores , activity scale scores and patients ' own assessments | Serum creatine kinase activity | progression of muscle weakness | serum creatine kinase activity ."
finetuned_distilbert,12139812,pterygium | 208 | 229,Limbal epithelial autograft transplantation | pterygium excision | excision of pterygium with limbal epithelial autograft transplantation surgery | simple pterygium excision ( | epithelial autograft transplantation,corneal transparency | epithelial healing | abnormal proliferation of pterygium-like tissue,pterygium | pterygium . | 208 patients | initial pterygium,[ Limbal epithelial autograft transplantation | limbal epithelial autograft transplantation | pterygium excision | excision of pterygium | limbal epithelial autograft transplantation surgery | simple pterygium excision | limbal epithelial autograft transplantation,epithelial healing | abnormal proliferation of pterygium-like tissue .
finetuned_distilbert,12477021,Thirty-five,non-contact tonometer ( NCT | AT550 | Xpert Plus | applanation tonometer | Perkins tonometer,of accuracy | intra-ocular pressure ( IOP ),Thirty-five university students were assessed,Reichert AT550 : | Reichert AT550 . | Reichert Xpert Plus | Goldmann applanation tonometer | Perkins tonometer . | AT550 NCT | Goldmann tonometer | AT550 NCT | Goldmann tonometry,Clinical performance | level of accuracy | measurements | IOP
finetuned_distilbert,12576806,57 | primary ureteropelvic junction obstruction,endopyelotomy | endopyelotomy stent placement | scanning | renography,ipsilateral glomerular filtration rate | drainage pattern | Stent related symptoms | of urinary tract infections,57 | patients with primary ureteropelvic junction obstruction,stenting | Internal stenting | stenting | 7/14Fr internal endopyelotomy stent placement,optimum duration of stenting | symptoms | ipsilateral glomerular filtration rate . | drainage pattern . | Stent related symptoms | urinary tract infections | duration | stent related complications .
finetuned_distilbert,12586799,advanced nasopharyngeal carcinoma | advanced NPC | 284 | stage III,concurrent chemoradiotherapy | radiotherapy alone | concurrent chemoradiotherapy ( CCRT ) | radiotherapy ( RT ) alone | concurrent chemotherapy with cisplatin 20 mg/m | 2 ) | plus fluorouracil 400 mg/m | infusion | RT-alone,overall | progression-free survival | Survival analysis | tumor relapse | 5-year overall survival rates | 5-year progression-free survival rates | toxicity | leukopenia | emesis | treatment-related deaths,advanced nasopharyngeal carcinoma : | patients with advanced NPC . | From December 1993 to April 1999 | 284 patients with 1992 American Joint Committee on Cancer stage III to IV ( M0 ) NPC | patients with advanced NPC,concurrent chemoradiotherapy | radiotherapy | concurrent chemoradiotherapy ( CCRT ) | radiotherapy ( RT ) | chemotherapy | cisplatin | fluorouracil | CCRT | RT-alone | CCRT | RT-only | CCRT | RT-only | CCRT | CCRT | RT,overall and progression-free survival . | Survival analysis | tumor relapse | 5-year overall survival rates | 5-year progression-free survival rates | toxicity | leukopenia | emesis | treatment-related deaths
finetuned_distilbert,12595499,cardiovascular risk | diabetes | 9297 | 3577 | 7674,ramipril | placebo | Microalbuminuria,subsequent clinical proteinuria | progression of albuminuria | proteinuria | microalbuminuria | clinical proteinuria | albuminuria,people at high cardiovascular risk | people with diabetes | 7674 participants with albuminuria data at baseline and at follow-up | nondiabetic and in diabetic people .,ramipril 's | placebo | Ramipril | Ramipril,clinical proteinuria | progression of albuminuria | microalbuminuria | clinical proteinuria . | progression | albuminuria . | progression of albuminuria .
finetuned_distilbert,12709693,outpatient colonoscopy | 100 adult,remifentanil | propofol | total | anesthesia | fentanyl | midazolam,analgesia | Pain Rating Scale ( NRS ) | recovery level | of psychomotor efficiency | Discharge | average pain intensity score | mean arterial pressure | heart rate | signs of respiratory depression | satisfactory hemodynamic stability | minor respiratory depression | rapid,outpatient colonoscopy . | 100 adult patients,remifentanil | propofol | fentanyl | midazolam | propofol | remifentanil | propofol | midazolam | fentanyl | propofol | remifentanil | propofol | fentanyl | midazolam | propofol | remifentanil | propofol,Cardiorespiratory parameters | bispectral index | Numerical Pain Rating Scale ( NRS ) | recovery level | return of psychomotor efficiency | Aldrete scale | Modified Post Anesthesia Discharge Scoring ( MPADS ) system | pain intensity score | maximum MPADS score | mean arterial pressure and heart rate and signs of respiratory depression | analgesia | hemodynamic stability | respiratory depression | rapid recovery
finetuned_distilbert,1286547,borderline hypertensive patients | IDDM-type diabetes mellitus | Twenty-nine | borderline hypertension | hypertension,dihydropyridine calcium channel blocker | placebo-controlled | nitrendipine | placebo,platelet thromboxane formation | plasma levels of platelet factor 4 and aggregation responses to collagen and ADP | formation | acid ( AA ) | change of thromboxane synthesis | PF4 plasma levels | Whole blood aggregation | collagen dependent platelet activation,borderline hypertensive patients with IDDM-type diabetes mellitus . Twenty-nine IDDM patients with borderline hypertension | diabetic patients with borderline hypertension .,dihydropyridine calcium channel blocker | nitrendipine | placebo | nitrendipine | Nitrendipine | placebo | nitrendipine | nitrendipine | nitrendipine,platelet thromboxane formation | Stimulated platelet thromboxane formation | plasma levels of platelet factor 4 and aggregation responses to collagen and ADP | thromboxane formation | Exercise induced change of thromboxane synthesis | PF4 plasma levels | Whole blood aggregation after collagen stimulation | aggregation | collagen dependent platelet activation
finetuned_distilbert,12960652,infants | gastrointestinal diseases | 21 | 0-2 months | 40 | 0-2,Not Found,gastric rhythms | obstruction | pathologic | persistent phasic activity pattern | Short-term phasic activity | gastric phasic activity | phasic,"infants | gastrointestinal diseases | infants with different gastrointestinal diseases | 21 patients | age 0-2 months | 40 healthy infants | age 0-2 months | patients suffered from partial or total intestinal obstruction , necrotizing enterocolitis or pyloric stenosis.All infants were fasting",epigastric impedance | Epigastric impedance | epigastric impedance | epigastric impedance,epigastric impedance | phasic activity | frequency phasic activity | phasic activity
finetuned_distilbert,1459268,Forty-eight,short | ultrashort regimens | gonadotropin-releasing hormone agonist | ultrashort regimen | gonadotropin-releasing hormone agonist ( GnRH-a ) | ultrashort | GnRH-a,"Response to ovarian stimulation and occurrence of spontaneous luteinizing hormone ( LH ) surges . | ovulation induction , fertilization , and pregnancy rates | LH surge",in vitro fertilization ( IVF ) | Forty-eight patients having IVF for the first time | undergoing IVF,gonadotropin-releasing hormone agonist | gonadotropin-releasing hormone agonist ( GnRH-a ) | GnRH-a .,"usefulness | Response to ovarian stimulation and occurrence of spontaneous luteinizing hormone ( LH ) surges . | ovulation induction , fertilization , and pregnancy rates | LH surge ."
finetuned_distilbert,14679127,advanced epithelial ovarian carcinoma | advanced epithelial ovarian cancer | bidimensionally measurable disease | 226,topotecan | paclitaxel,Long-term survival | Life | pain | anorexia | diarrhoea | fatigue | nausea and vomiting | dyspnea | constipation | insomnia | median time to progression | median survival | haematological toxicity | Non-haematological toxicity,advanced epithelial ovarian carcinoma . | patients with advanced epithelial ovarian cancer who had failed one prior platinum-based regimen . | Patients with bidimensionally measurable disease | 226 | ovarian cancer .,topotecan | paclitaxel | topotecan | paclitaxel | topotecan | paclitaxel | topotecan | paclitaxel | topotecan | paclitaxel | Topotecan | paclitaxel | topotecan,European Organisation for Research and Treatment of Cancer Quality of Life ( EORTC QOL ) -C30 questionnaire | pain | anorexia | diarrhoea | fatigue | nausea | vomiting | dyspnea | constipation | insomnia | progression | median survival | efficacy | survival | haematological toxicity . Non-haematological toxicity
finetuned_distilbert,14739125,Not Found,torcetrapib | ester transfer protein ( CETP ) inhibitor torcetrapib | placebo,lipoprotein | high-density lipoprotein cholesterol ( HDL-C ) levels | plasma drug levels | CETP mass | CETP inhibition | HDL-C | Total plasma cholesterol | nonHDL-C | low-density lipoprotein cholesterol | Apolipoprotein A-I and E | apoB | Cholesteryl ester content | triglyceride | plasma,healthy young | Five groups of 8 subjects each,torcetrapib . | cholesteryl ester transfer protein ( CETP ) inhibitor torcetrapib | placebo | torcetrapib | Torcetrapib,plasma drug levels | Total plasma cholesterol | nonHDL-C | low-density lipoprotein cholesterol | Apolipoprotein A-I and E | apoB | Cholesteryl ester content | triglyceride
finetuned_distilbert,14763035,ambulatory peritoneal dialysis | CAPD | 24 | ventricular mass,selective angiotensin receptor antagonist | Valsartan | selective angiotensin II receptor blocker ( ARB ) | ARB valsartan | placebo,"blood pressure ( BP ) | aortic and large-artery compliance and arterial wave reflections [ pulse wave velocity ( PWV ) | index ( AI ) application tonometry ] | echocardiography | body weight , BP ( mercury sphygmomanometer ) , serum creatinine , electrolytes , complete blood cell counts , urine volume , drainage volume , and weekly creatinine clearance | Systolic and diastolic BP | LVMi | PWV and AI | arterial hemodynamics",left ventricular hypertrophy | patients on continuous ambulatory peritoneal dialysis ( CAPD ) . | 24 CAPD patients with LVH [ left ventricular mass index ( LVMi ) > 110 g/m2 for women | LVMi > 137 g/m2 for men,Valsartan | selective angiotensin II receptor blocker ( ARB ) | ARB valsartan | placebo | ARB . | ARB | placebo | ARB,"blood pressure ( BP ) | aortic and large-artery compliance | arterial wave reflections [ pulse wave velocity ( PWV ) | augmentation index ( AI ) application tonometry ] | cardiac echocardiography . | body weight , BP ( mercury sphygmomanometer ) , serum creatinine , electrolytes , complete blood cell counts , urine volume , drainage volume , and weekly creatinine clearance . | Systolic and diastolic BP | LVMi | LVMi | PWV | AI | LVMi"
finetuned_distilbert,15014018,2000 | stage IIB and III melanoma | 713,adjuvant high-dose interferon | high-dose IFN-alpha 2b therapy | high-dose IFN-alpha 2b ( HDI ),Survival | disease | relapse-free survival ( RFS ) -but | overall survival ( OS ) | ulceration | recurrent disease at entry,Nearly 2000 patients with stage IIB and III melanoma | patients with high-risk resected melanoma,interferon | IFN-alpha 2b | IFN-alpha 2b ( HDI ) | Obs | HDI | Obs | HDI | Obs,relapse-free survival ( RFS ) | overall survival ( OS ) | RFS | OS | RFS | OS
finetuned_distilbert,15133359,biventricular implantation | Thirty-four,) | dedicated | catheters | catheter | positioning strategy,CS | CS cannulation time | Time to successful catheterization of CS | Fluoroscopy time | Total contrast dye volume to search and engage the CS ostium | procedural time | contrast dye volume,biventricular implantation | Thirty-four consecutive patients,catheters | guiding catheter alone | GCA | electrophysiology catheter advanced | electrophysiology catheter aided | EPA | GCA | GCA | EPA | EPA | GCA | EPA | GCA | EPA | GCA,"CS cannulation time | Time to successful catheterization of CS | Fluoroscopy time | contrast dye volume | procedural time , fluoroscopy time | contrast dye volume"
finetuned_distilbert,15193668,Children | 576 | 10.06,descriptive and explanatory information | descriptive and explanatory information on | in | receiving either descriptive ( AUT-D ) or descriptive and explanatory information ( AUT-D + E ) | descriptive information alone | explanatory information,of attitudes ( Adjective Checklist ) and behavioral intentions ( Shared Activities Questionnaire ) | fifth-graders ' attitudes | behavioral intentions | and behavioral intentions,peers | peers | child with autism . Children | 576 | M age = 10.06 | children 's,descriptive ( AUT-D ) | descriptive and explanatory information ( AUT-D + E ) . | descriptive and explanatory information,peers ' perceptions | peers ' perceptions | behavioral intentions | ( Adjective Checklist ) | ( Shared Activities Questionnaire ) | children 's attitudes | behavioral intentions
finetuned_distilbert,15358868,adults | autism | children,visual search | for,target-distractor similarity | visual search performance | visual discrimination ability | item detection,adults with autism . | adults with autism . | adults with autism,,searching for targets . | visual search performance | visual discrimination ability . | unique item detection
finetuned_distilbert,15848261,stroke | post-acute hemiparetic | Twenty-six | hemiplegia | Thirteen,biofeedback | conventional physical therapy | specialised balance retraining program | physical therapy ( control group ) | therapy and retraining ( experimental group | early conventional therapy | therapy combined with standing balance training by biofeedback ( BPM Monitor,gait | Gait spatiotemporal | clinical scores | spasticity | time between stroke and the beginning of walking | Gait velocity | walking pattern | duration of the paretic limb single stance | duration of the reception double stance on the paretic limb,stroke patients ] | post-acute hemiparetic patients | Twenty-six patients within 3 months of onset of stroke,conventional physical therapy alone | specialised balance retraining program | physical therapy | therapy and retraining | conventional therapy | therapy | standing balance training by biofeedback ( BPM Monitor ) | conventional therapy .,gait improvement | Gait spatiotemporal parameters | clinical scores | time between stroke and the beginning of walking | Gait velocity | walking pattern | duration of the paretic limb single stance . | duration of the reception double stance on the paretic limb
finetuned_distilbert,15854186,98,Cophenylcaine spray | placebo | cophenylcaine | placebo nasal spray,pain | unpleasantness of taste | overall discomfort experienced | minimal pain | discomfort | sensation of bad taste | pain experienced | of taste,flexible nasendoscopy : | 98 patients | flexible nasendoscopy . | flexible nasendoscopy .,Cophenylcaine | placebo | cophenylcaine | placebo | cophenylcaine | cophenylcaine,"pain , unpleasantness of taste and overall discomfort experienced . | pain and discomfort | pain or overall discomfort | sensation of bad taste | unpleasantness | pain | unpleasantness of taste ."
finetuned_distilbert,15858959,children | acute diarrhoea | Two hundred,Saccharomyces boulardii | Lactobacillus GG | S. boulardii | boulardii group ) | placebo | placebo group,medians of the average stool frequency | duration of diarrhoea | watery diarrhoea | duration of hospital stay | diarrhoea | duration of acute diarrhoea,children | acute diarrhoea | children with acute diarrhoea . | Two hundred children | acute diarrhoea in children,Saccharomyces boulardii | Saccharomyces boulardii . | S. boulardii | S. boulardii | S. boulardii | placebo | placebo | S. boulardii | placebo | S. boulardii | placebo | S. boulardii | S. boulardii | placebo | placebo | S. boulardii | S. boulardii | S. boulardii,average stool frequency | duration of diarrhoea | duration of hospital stay | duration of acute diarrhoea | duration of hospital stay
finetuned_distilbert,16167234,digestive surgery | Forty,branch chain amino acid enriched formula | branch chain amino acid ( BCAA ) enriched formula | parenteral nutrition with | BCAA enriched | routine amino acid ( | group | BCAA enriched formula,"postoperative fatigue | nutritional status | Nitrogen balance , serum total protein , albumin , prealbumin , transferrin , retinol binding protein and postoperative fatigue score | cumulative postoperative fatigue scores | positive nitrogen balance | cumulative nitrogen balance | elevation of serum total protein , albumin , prealbumin , transferrin | serum level of retinol binding protein | postoperative fatigue score",after digestive surgery ] | digestive surgery patients . | Forty patients who underwent digestive surgery | digestive surgery patients .,amino acid enriched formula | branch chain amino acid ( BCAA ) enriched formula | BCAA enriched | routine amino acid | BCAA | BCAA-enriched | BCAA enriched formula,"postoperative fatigue | nutritional status | nutritional status | postoperative fatigue | Nitrogen balance , serum total protein , albumin , prealbumin , transferrin , retinol binding protein and postoperative fatigue score | cumulative postoperative fatigue scores | nitrogen balance | cumulative nitrogen balance | serum total protein , albumin , prealbumin , transferrin | serum level of retinol binding protein | postoperative fatigue score | nutritional status"
finetuned_distilbert,16295154,children | autistic spectrum disorder | autistic spectrum disorder ( ASD | ASD,"nursing intervention designed | post-diagnosis nursing intervention | care plus 3 hours contact with a pediatric nurse practitioner ( PNP ) for counseling , instruction | assistance | the usual care post-diagnosis , | 1-hour consultation session to receive the | of | tests and a written copy of the | treatment plan provided by | pediatrician","of event ( diagnosis ) | services | impact of event "" | "" perceived stress """,parents of children | autistic spectrum disorder | Parents of children | diagnosis of autistic spectrum disorder ( ASD ) | parents of children with ASD,"Intervention | nursing intervention | post-diagnosis nursing intervention | usual care | contact with a pediatric nurse practitioner ( PNP ) for counseling , instruction , and assistance with implementation of the recommended treatment plan | usual care | consultation session to receive the results of diagnostic tests and a written copy of the recommended treatment plan","parents ' reports of stress | impact of event ( diagnosis ) | use of services | "" impact of event "" | "" perceived stress """
finetuned_distilbert,16427787,Not Found,melatonin | placebo,activation | activity | fatigue | fatigues | circadian,human,melatonin | melatonin | Melatonin | placebo | melatonin | melatonin | melatonin | melatonin,effects | task-related activity | subjective measurements of fatigue . | activation in the left parahippocampus | brain activity | fatigue
finetuned_distilbert,16505427,anemic patients | cancer | cancer-associated anemia | Three hundred sixty-five | One hundred eighty-three,"erythropoietin | epoetin alfa | epoetin alfa 40,000 U subcutaneously ( SC | standard weekly epoetin alfa ( 40K arm ) | 120,000 U of epoetin alfa ( 120K arm ) SC | epoetin",requiring transfusions | end-of-study Hb | Toxicities | thromboembolism | overall survival | global quality of life ( QOL ) | global QOL improvement,anemic patients with cancer . | patients with cancer-associated anemia . | Three hundred sixty-five patients,erythropoietin | epoetin alfa | epoetin alfa | epoetin alfa | epoetin alfa | epoetin alfa | epoetin alfa | epoetin alfa .,requiring transfusions | hemoglobin ( Hb ) increment | drug dose | Hb | Hb | Toxicities | thromboembolism | overall survival | global quality of life ( QOL ) | global QOL | QOL | transfusion needs | QOL . | Hb increment
finetuned_distilbert,1669598,asthma | 10,immunotherapy | extract | parenteral immunotherapy | local immunotherapy ( LI ) | extract of house dust mite ( HDM ) | parenteral immunotherapy ( PI ) | LI | placebo | PI | disodium cromoglycate ( DSCG ),efficacy | symptoms score | peak expiratory flow ( PEF ) -derived parameters | component | bronchial response | bronchial responsiveness to methacholine | ultrasonically nebulized distilled water ( | ) | immunologic humoral and cellular parameters in peripheral blood | local important adverse reactions | systemic side effects,10 patients with asthma due to HDM,immunotherapy | immunotherapy | local immunotherapy | powder extract of house dust mite ( HDM ) | parenteral immunotherapy ( PI ) | placebo | lactose | disodium cromoglycate ( DSCG ),efficacy | tolerability | symptoms score | peak expiratory flow ( PEF ) -derived parameters | bronchial response | bronchial responsiveness | immunologic humoral and cellular parameters in peripheral blood | local important adverse reactions | systemic side effects | systemic side effects .
finetuned_distilbert,17293018,diarrhea | 77,whey protein concentrate derived | difficile | whey protein concentrate prepared | anti-C. difficile whey protein concentrate ( anti-CD WPC ) | anti-CD WPC | regular whey protein concentrate | WPC,safety | adverse event | WPC,patients with C. difficile-associated diarrhea ( CDAD ) | 77 patients with CDAD | patients with CDAD . | individuals with CDAD,whey protein concentrate | whey protein concentrate | immunized against Clostridium difficile ( C. | anti-C. difficile whey protein concentrate ( anti-CD WPC ) | anti-CD WPC | regular whey protein concentrate . | anti-CD WPC | anti-CD WPC | anti-CD WPC,safe | safe
finetuned_distilbert,17321989,acute myeloid leukemia and myelodysplastic syndromes | acute myeloid leukemia ( AML ) | syndromes | MDS,itraconazole capsules | fluconazole capsules | fluconazole | itraconazole,Adverse events | cases | probable or possible infections | counts | frequency of infection | tolerated,patients with acute myeloid leukemia and myelodysplastic syndromes : | Japanese | patients with acute myeloid leukemia ( AML ) or myelodysplastic syndromes ( MDS ) during and after chemotherapy . | patients with AML or MDS who received chemotherapy,itraconazole | fluconazole | fluconazole | itraconazole | itraconazole | fluconazole,Adverse events | probable or possible infections | frequency of infection
finetuned_distilbert,17616069,postpartum | 50 women | anemia,trivalent ferrum preparation | sacharose ferric oxide ( Venofer ) | trivalent saccharose ferric oxide,red blood count | serum values of soluble transferrin receptors and ferritin | cell saturation | iron reserves | adverse events | adverse event,postpartum | Prague | Prague | 50 women | clinical and lab signs of postpartal anemia,trivalent ferrum preparation ] | trivalent ferrum preparation . | sacharose ferric oxide ( Venofer ) | Venofer | trivalent saccharose ferric oxide,effectivity | safeness | values of red blood count | serum values of soluble transferrin receptors and ferritin | iron cell saturation | body iron reserves | adverse events | effective | serious adverse event
gazetteer,10070173,31,budesonide | treatment | control,quality of life | adverse events | improvement | safe,seasonal allergic rhinitis . | Two hundred and eighty-four out-patients | SAR | symptomatic during the ragweed season | 243 | SAR .,budesonide Turbuhaler | budesonide aqua | budesonide Turbuhaler | budesonide aqua | budesonide . | Turbuhaler | Turbuhaler | aqua spray | budesonide aqua | budesonide Turbuhaler | budesonide powder | Turbuhaler | aqua,patients ' preferences | quality of life . | Mean daily nasal symptom scores | eye symptoms . | nasal and non-nasal adverse events | epistaxis | headache . | nasal irritation | quality of life | safe | efficacious
gazetteer,10390665,children | paediatric | 4 | 10 | 70 | 45 | 78 | 24,granisetron | anesthesia,efficacy | vomiting | adverse events,children . | tonsillectomy with or without adenoidectomy | children | 90 paediatric patients | ASA I | aged 4-10 years | children undergoing general anaesthesia for tonsillectomy,granisetron | perphenazine | granisetron | perphenazine | granisetron | perphenazine | granisetron | perphenazine | granisetron | perphenazine,"Anti-emetic efficacy | prevention | efficacy | complete response , defined as no emesis with no need for another rescue antiemetic | corresponding incidence | adverse events | long-term prevention | post-operative vomiting"
gazetteer,10475150,healthy volunteers | women | 23 | healthy | controls | 22 | 4,somatostatin | saline | gh,gh secretion,healthy volunteers and in patients with primary hypothyroidism . | 8 healthy volunteers | 6 women | untreated primary hypothyroidism | healthy volunteers | patients with hypothyroidism | normal subjects and in patients with primary hypothyroidism,somatostatin ( octreotide ) | Somatostatin | somatostatin | saline | octreotide ( Sandostatin ; | octreotide | saline . | octreotide | octreotide | saline ; | octreotide | saline . | octreotide | octreotide | saline ; | octreotide | somatostatin . | somatostatin | octreotide | somatostatin,melatonin secretion | melatonin secretion . | melatonin secretion | nocturnal melatonin secretion | melatonin secretion | urinary excretion of melatonin | GH secretion | nocturnal melatonin secretion | Urinary excretion of melatonin | total nocturnal secretion of TSH | nocturnal secretion and urinary excretion of melatonin
gazetteer,10578479,women | cancer | 20,Not Found,effects,premenopausal women . | 36 premenopausal women | 20 | used OC | premenopausal OC | non-OC users .,soy | soy | soy | soy | soy beverage | soy | soy,"sex hormone metabolism | sex hormone metabolism | serum estrone , estradiol , sex hormone-binding globulin , dehydroepiandrosterone sulfate , prolactin , or progesterone concentrations | menstrual cycle length or the urinary estrogen metabolite ratio of 2-hydroxyestrone to 16 alpha-hydroxyestrone | urinary estrogen metabolites | menstrual cycle , serum sex hormones , or urinary estrogen metabolite ratio"
gazetteer,10589810,20 | 10 | 42,treatment | control,effects | sensitivity | side effects | effective,40 subjects | 20 | 20,plastic curettes | conventional steel curettes | conventional steel curettes | plastic curettes | non-root substance removing curettes,Clinical effects | clinical effects | bleeding on probing ( BOP ) and probing pocket depth ( PPD ) | BOP percentage | BOP and PPD | BOP percentage | BOP | BOP
gazetteer,10763172,30,treatment | placebo,efficacy and tolerability | efficacy | improvement | effective,after nose surgery | 61 inpatients with the diagnosis Rhinitis following nasal operation | patients following nasal operations | rhinitis following nasal operation,xylometazoline | dexpanthenol ] | Xylometazoline | Dexpanthenol ( Nasic ) | Xylometazoline | verum | placebo | Xylometazoline-Dexpanthenol | Xylometazoline | Xylometazoline-Dexpanthenol | Xylometazoline,wound healing | efficacy | tolerability | nasal-breathing-resistance according to scores | efficacy | tolerability | compliance | improvement | efficacy | tolerability
gazetteer,10764172,ten | 10 | ten patients | controls | 23 | 4 | 45 | all,morphine | anesthesia,activity | effects | postoperative pain | side effects | pain,underwent hysterectomy | Forty patients were divided into four groups of ten .,morphine | morphine | morphine | morphine | morphine | morphine,NK cell activity | natural killer ( NK ) cell activity | postoperative pain score and side effects | NK cell activity | NK cell activities | plasma adrenaline | noradrenaline concentrations | plasma cortisol levels | pain score
gazetteer,10912743,hypertensive | hypertension | men | women | 71 | controls | all | 24 | 95,aspirin | control | treatment,effects | blood pressure | hypertension,treated hypertensive patients . | hypertensive patients receiving drug treatment | people with one or more cardiovascular risk factors . | hypertension | 142 hypertensive | 76 men | 66 women | mean age 59 +/- 5.9 years | treated with different antihypertensive drugs,aspirin | aspirin | aspirin | aspirin | vitamin E | aspirin | aspirin | aspirin | aspirin | aspirin,clinic and ambulatory blood pressure | blood pressure ( BP ) control | clinic and ambulatory systolic ( SBP ) and diastolic ( DBP ) BP | clinic BP | 24-h ambulatory BP monitoring | clinic SBP and DBP | Ambulatory SBP and DBP | BP
gazetteer,10934569,children | pervasive developmental disorder | young children | autism | 24 | all,intervention | treatment,autism,children | pervasive developmental disorder | Young children | pervasive developmental disorder | 7 | autism | 8 | pervasive developmental disorder not otherwise specified -- NOS | 7 with autism | 6 with pervasive developmental disorder NOS | Children | pervasive developmental disorder,intensive early intervention | intensive treatment | parent training . | intensive treatment | parent training | parent training . | intensive treatment | parent training,intelligence | visual-spatial skills | language | academics | adaptive functioning | behavior problems .
gazetteer,10940525,dogs | all | three | 30 | 14 | 99 | 4 | adult | 19,treatment | control,efficacy and safety | adverse events | effective | safe,"dogs and cats presented as veterinary patients in North America . | dogs and cats | dogs and cats showing signs of flea allergy dermatitis ( FAD ) . | Dogs and cats with naturally occurring flea infestations , some of which also had signs associated with FAD | 220 dogs , 189 cats | dogs and cats diagnosed clinically with FAD . | 397 dogs free of adult heartworm infection from four heartworm-endemic areas of the USA | 673 dogs and 347 cats | 19 purebred or crossbred Collies ( Bearded , Border , and unspecified ) . | dogs and cats | dogs and cats .",selamectin | selamectin | selamectin | selamectin | selamectin | fenthion | pyrethrins | Selamectin | selamectin-treated | Selamectin | selamectin | ivermectin | Selamectin | Selamectin | selamectin | Selamectin,Efficacy | safety | efficacy | safety | flea comb counts | clinical evaluations of FAD | mean flea counts | mean flea counts | mean flea counts | mean flea counts | heartworm prevention rate | adverse events . | effective | signs associated with FAD . | heartworms | safe
gazetteer,11099086,children | infants | 201 | 10 | 70 | 95 | 106 | 4 | 127 | 23 | 14 | 99 | all,ciprofloxacin | treatment | placebo,efficacy and safety | safety | improvement | adverse events | safe | effective,acute invasive diarrhea | children | children . | acute invasive diarrhea | infants and children | 201 | children ages 6 months to 10 years ( 35 % < 1 year ; 70 % < 3 years ) presenting with acute invasive diarrhea at the Pediatric Emergency Room | ambulatory pediatric patients requiring an emergency room visit .,ciprofloxacin | ceftriaxone | ceftriaxone | ciprofloxacin | ciprofloxacin | ceftriaxone | ciprofloxacin | ceftriaxone | ciprofloxacin | ciprofloxacin | ceftriaxone | ciprofloxacin | ceftriaxone,"efficacy | safety | Stool cultures for Shigella , Salmonella , Campylobacter spp . and diarrheagenic Escherichia coli | Clinical response and safety | Clinical cure or improvement | adverse events | Joint examination | safe | effective"
gazetteer,11229858,children,treatment,fever,children | malaria | children | malaria | malaria .,antipyretic drugs | antipyretics | naproxen | metamizol | Antipyretic,reduction of fever peaks . | fever clearance
gazetteer,1131298,10 | healthy | all,Not Found,activity | beneficial effects,10 healthy subjects,essential oils of garlic and onion | garlic and onion | garlic or onion | essential oils | Garlic and onion | garlic | onion . | garlic and onion,serum cholesterol and plasma fibrinogen | coagulation time | fibrinolytic activity . | effects
gazetteer,11317090,20 | 95 | controls | 32,questionnaires,quality of life,persons with osteoarthritis . | 249 adults from Washington State aged 55 to 75 | doctor-confirmed diagnosis of osteoarthritis,aquatic exercise | aquatic exercise classes | aquatic classes . | aquatic classes . | Aquatic exercisers | Aquatic exercise | aquatic exercise .,"Economic evaluation | cost | outcomes | Cost per quality-adjusted life year ( QALY ) | cost/QALY | Quality of Well-Being Scale ( QWB ) | Current Health Desirability Rating ( CHDR ) | arthritis-specific Health Assessment Questionnaire ( HAQ ) , Center for Epidemiologic Studies-Depression Scale ( CES-D ) | Perceived Quality of Life Scale ( PQOL ) | QALYs . Use of health care facilities | Medicare reimbursement rates | costs/QALY ratios | ( QWB ) | ( CHDR , HAQ , PQOL ) | Costs/QALY | QWB | CHRD . | QALY"
gazetteer,11381289,stroke | diabetes,treatment,death | stroke | complications | effects | blood pressure,patients at high risk for cardiovascular events .,ramipril | angiotensin-converting enzyme ( ACE ) inhibitor | ramipril | vitamin E | ACE inhibitor,"rates of death , myocardial infarction , stroke , coronary revascularization , cardiac arrest and heart failure | risk of diabetes-related complications and of diabetes itself ."
gazetteer,11401641,hypertension | three | 24 | 23 | 19 | 25,treatment,hypertension | efficacy | effective,"patients insufficiently controlled on timolol . | patients with open angle glaucoma or ocular hypertension where IOP is not adequately controlled with timolol . | 53 patients with primary open angle glaucoma , capsular glaucoma , or ocular hypertension with an IOP of at least 21 mmHg on current therapy",timolol | latanoprost | latanoprost | timolol | timolol | timolol | timolol | latanoprost | latanoprost | timolol .,IOP-reducing | intraocular pressure ( IOP ) | IOP | IOP | IOP | IOP | IOP | IOP
gazetteer,11454878,4 | 19 | 56 | 28 | 23 | 71,chemotherapy | treatment,efficacy and safety | sensitivity | survival | overall survival | hematologic toxicity | efficacy | safety,"patients with epithelial ovarian carcinoma that recurred after or did n't respond to first-line , platinum-based chemotherapy . | Patients with measurable and assessable disease | 474",pegylated liposomal doxorubicin | topotecan . | pegylated liposomal doxorubicin ( PLD ) | topotecan | PLD | topotecan | PLD | topotecan | PLD | topotecan | PLD | topotecan | PLD | PLD | topotecan . | PLD | topotecan | topotecan | topotecan | PLD,efficacy | safety | overall progression-free survival rates | overall response rates | Median overall survival times | overall survival | Severe hematologic toxicity | efficacy | safety
gazetteer,11495215,women | healthy | 12,nicotine,stress | heart rate | blood pressure | recovery,"Sixty healthy women , half of whom had been using OCs for at least the previous 6 months | two thirds were smokers | One third were nonsmokers .",Oral contraceptive | oral contraceptives ( OCs ) | nicotine | nicotine | OC | nicotine | OC | nicotine | nicotine | OC,"cardiovascular reactivity | cardiovascular and lipid reactivity . | Heart rate , blood pressure , and lipid measures | heart rate and diastolic blood pressure reactivity | cardiovascular or lipid stress reactivity | cardiovascular reactivity"
gazetteer,11642083,106 | 30 | 14 | 28,treatment,effects | hospital stay,myocardial infarction | patients on thrombolytic therapy ( TLT ) . | 106 males | Q-MI,Neoton | thrombolytic therapy | neoton | thrombolytic therapy ( TLT ) | TLT | neoton | TLT | streptokinase | streptokinase preparations | neoton . | neoton | neoton | Neoton,"systolic function of the left ventricle , arrhythmia and clinical symptoms | Left ventricular systolic function | arrhythmia | systolic and diastolic volumes | left ventricular systolic dysfunction"
gazetteer,11737955,12 | 45 | 14 | 4,ascorbic acid | placebo,stress | effects,the 60-year-old | older adults ( 60 ( SE 1 ) years ; BMI 26 ( SE 1 ) kg/m ( 2 ) ) | 60-year-old subjects,Antioxidant supplementation | antipyrine | antioxidant supplementation | dl-alpha-tocopheryl acetate | ascorbic acid | beta-carotene | placebo | Antipyrine | antioxidant supplementation,para- and ortho-hydroxyantipyrine to antipyrine . | thiobarbituric acid reactive substances in plasma . | free radical products of antipyrine .
gazetteer,11750293,22 | five,control | treatment,disability | pain,recent onset rheumatoid arthritis : | patients with recently diagnosed rheumatoid arthritis ( RA ) | Twenty-two patients with a history of recently diagnosed RA of less than 2 years | 22 patients,standard outpatient clinic treatment,"disability | illness perceptions | pain | coping | depression . | clinical outcome and process measures | predict depression | depression , disability , pain , beliefs about the consequences of arthritis and coping strategies ."
gazetteer,11829043,three | 10 | 20 | 4,control,anxiety | quality of life,patients after stoma surgery . Eighteen patients who had undergone stoma surgery | patients after stoma surgery .,progressive muscle relaxation training | progressive muscle relaxation training ( PMRT ) | PMRT,"anxiety level and self-reported quality of life ( QoL ) | Chinese State-Trait Anxiety Inventory ( C-STAI ) , the Quality of Life Index for Colostomy ( QoL-Colostomy ) and the Hong Kong Chinese version of the World Health Organisation Quality of Life Scale ( WHOQoL ) . | C-STAI score | WHOQoL score | WHOQoL | QoL | QoL-Colostomy | quality of life | anxiety"
gazetteer,11891832,4 | 95,treatment | placebo | placebo-controlled,disease progression | activity,inclusion body myositis | 44 patients with inclusion body myositis,methotrexate | placebo . | methotrexate | methotrexate | placebo | methotrexate | methotrexate,"weakness progression | disease progression | Mean change of quantitative muscle strength testing sum scores | Quantitative muscle strength testing sum scores | manual muscle testing sum scores , activity scale scores and patients ' own assessments | Serum creatine kinase activity | progression of muscle weakness | serum creatine kinase activity ."
gazetteer,12139812,106 | 28 | 22 | 4 | 41 | 42,treatment,effects | recovery,pterygium | pterygium . | 208 patients | initial pterygium,[ Limbal epithelial autograft transplantation | limbal epithelial autograft transplantation | pterygium excision | excision of pterygium | limbal epithelial autograft transplantation surgery | simple pterygium excision | limbal epithelial autograft transplantation,epithelial healing | abnormal proliferation of pterygium-like tissue .
gazetteer,12477021,five | 12,Not Found,accuracy | agreement,Thirty-five university students were assessed,Reichert AT550 : | Reichert AT550 . | Reichert Xpert Plus | Goldmann applanation tonometer | Perkins tonometer . | AT550 NCT | Goldmann tonometer | AT550 NCT | Goldmann tonometry,Clinical performance | level of accuracy | measurements | IOP
gazetteer,12576806,4 | all | 12 | 22 | 24 | 23,Not Found,duration | complications,57 | patients with primary ureteropelvic junction obstruction,stenting | Internal stenting | stenting | 7/14Fr internal endopyelotomy stent placement,optimum duration of stenting | symptoms | ipsilateral glomerular filtration rate . | drainage pattern . | Stent related symptoms | urinary tract infections | duration | stent related complications .
gazetteer,12586799,cancer | 20 | 65 | 46 | 71,chemotherapy | cisplatin | treatment,survival | overall survival | toxicity | deaths,advanced nasopharyngeal carcinoma : | patients with advanced NPC . | From December 1993 to April 1999 | 284 patients with 1992 American Joint Committee on Cancer stage III to IV ( M0 ) NPC | patients with advanced NPC,concurrent chemoradiotherapy | radiotherapy | concurrent chemoradiotherapy ( CCRT ) | radiotherapy ( RT ) | chemotherapy | cisplatin | fluorouracil | CCRT | RT-alone | CCRT | RT-only | CCRT | RT-only | CCRT | CCRT | RT,overall and progression-free survival . | Survival analysis | tumor relapse | 5-year overall survival rates | 5-year progression-free survival rates | toxicity | leukopenia | emesis | treatment-related deaths
gazetteer,12595499,diabetes | 4 | 95 | 12 | 24 | 32 | 78,placebo,proteinuria | effects | serum creatinine,people at high cardiovascular risk | people with diabetes | 7674 participants with albuminuria data at baseline and at follow-up | nondiabetic and in diabetic people .,ramipril 's | placebo | Ramipril | Ramipril,clinical proteinuria | progression of albuminuria | microalbuminuria | clinical proteinuria . | progression | albuminuria . | progression of albuminuria .
gazetteer,12709693,adult | 20 | 25 | all | 4 | 15,remifentanil | propofol | anesthesia | fentanyl,analgesia | effective | pain | recovery | duration | pain intensity | mean arterial pressure | heart rate,outpatient colonoscopy . | 100 adult patients,remifentanil | propofol | fentanyl | midazolam | propofol | remifentanil | propofol | midazolam | fentanyl | propofol | remifentanil | propofol | fentanyl | midazolam | propofol | remifentanil | propofol,Cardiorespiratory parameters | bispectral index | Numerical Pain Rating Scale ( NRS ) | recovery level | return of psychomotor efficiency | Aldrete scale | Modified Post Anesthesia Discharge Scoring ( MPADS ) system | pain intensity score | maximum MPADS score | mean arterial pressure and heart rate and signs of respiratory depression | analgesia | hemodynamic stability | respiratory depression | rapid recovery
gazetteer,1286547,hypertensive | diabetes | hypertension | 20 | 4,placebo-controlled | placebo | treatment,hypertension | effects,borderline hypertensive patients with IDDM-type diabetes mellitus . Twenty-nine IDDM patients with borderline hypertension | diabetic patients with borderline hypertension .,dihydropyridine calcium channel blocker | nitrendipine | placebo | nitrendipine | Nitrendipine | placebo | nitrendipine | nitrendipine | nitrendipine,platelet thromboxane formation | Stimulated platelet thromboxane formation | plasma levels of platelet factor 4 and aggregation responses to collagen and ADP | thromboxane formation | Exercise induced change of thromboxane synthesis | PF4 plasma levels | Whole blood aggregation after collagen stimulation | aggregation | collagen dependent platelet activation
gazetteer,12960652,infants | healthy | all | 19 | 32,control | treatment,activity,"infants | gastrointestinal diseases | infants with different gastrointestinal diseases | 21 patients | age 0-2 months | 40 healthy infants | age 0-2 months | patients suffered from partial or total intestinal obstruction , necrotizing enterocolitis or pyloric stenosis.All infants were fasting",epigastric impedance | Epigastric impedance | epigastric impedance | epigastric impedance,epigastric impedance | phasic activity | frequency phasic activity | phasic activity
gazetteer,1459268,eight,Not Found,Not Found,in vitro fertilization ( IVF ) | Forty-eight patients having IVF for the first time | undergoing IVF,gonadotropin-releasing hormone agonist | gonadotropin-releasing hormone agonist ( GnRH-a ) | GnRH-a .,"usefulness | Response to ovarian stimulation and occurrence of spontaneous luteinizing hormone ( LH ) surges . | ovulation induction , fertilization , and pregnancy rates | LH surge ."
gazetteer,14679127,cancer | eight | 30 | 25 | 14 | 12 | 4 | 20,paclitaxel | treatment,survival | quality of life | pain | nausea | vomiting | time to progression | efficacy | toxicity,advanced epithelial ovarian carcinoma . | patients with advanced epithelial ovarian cancer who had failed one prior platinum-based regimen . | Patients with bidimensionally measurable disease | 226 | ovarian cancer .,topotecan | paclitaxel | topotecan | paclitaxel | topotecan | paclitaxel | topotecan | paclitaxel | topotecan | paclitaxel | Topotecan | paclitaxel | topotecan,European Organisation for Research and Treatment of Cancer Quality of Life ( EORTC QOL ) -C30 questionnaire | pain | anorexia | diarrhoea | fatigue | nausea | vomiting | dyspnea | constipation | insomnia | progression | median survival | efficacy | survival | haematological toxicity . Non-haematological toxicity
gazetteer,14739125,healthy | five | 10 | 30 | 14 | all | 42,placebo,well tolerated | effects,healthy young | Five groups of 8 subjects each,torcetrapib . | cholesteryl ester transfer protein ( CETP ) inhibitor torcetrapib | placebo | torcetrapib | Torcetrapib,plasma drug levels | Total plasma cholesterol | nonHDL-C | low-density lipoprotein cholesterol | Apolipoprotein A-I and E | apoB | Cholesteryl ester content | triglyceride
gazetteer,14763035,24 | women | men | 12 | 14 | 10 | 4,placebo,blood pressure | serum creatinine,left ventricular hypertrophy | patients on continuous ambulatory peritoneal dialysis ( CAPD ) . | 24 CAPD patients with LVH [ left ventricular mass index ( LVMi ) > 110 g/m2 for women | LVMi > 137 g/m2 for men,Valsartan | selective angiotensin II receptor blocker ( ARB ) | ARB valsartan | placebo | ARB . | ARB | placebo | ARB,"blood pressure ( BP ) | aortic and large-artery compliance | arterial wave reflections [ pulse wave velocity ( PWV ) | augmentation index ( AI ) application tonometry ] | cardiac echocardiography . | body weight , BP ( mercury sphygmomanometer ) , serum creatinine , electrolytes , complete blood cell counts , urine volume , drainage volume , and weekly creatinine clearance . | Systolic and diastolic BP | LVMi | LVMi | PWV | AI | LVMi"
gazetteer,15014018,12 | all | 49,treatment,effects | survival | overall survival | effective | improvement,Nearly 2000 patients with stage IIB and III melanoma | patients with high-risk resected melanoma,interferon | IFN-alpha 2b | IFN-alpha 2b ( HDI ) | Obs | HDI | Obs | HDI | Obs,relapse-free survival ( RFS ) | overall survival ( OS ) | RFS | OS | RFS | OS
gazetteer,15133359,4 | 10 | 14,Not Found,Not Found,biventricular implantation | Thirty-four consecutive patients,catheters | guiding catheter alone | GCA | electrophysiology catheter advanced | electrophysiology catheter aided | EPA | GCA | GCA | EPA | EPA | GCA | EPA | GCA | EPA | GCA,"CS cannulation time | Time to successful catheterization of CS | Fluoroscopy time | contrast dye volume | procedural time , fluoroscopy time | contrast dye volume"
gazetteer,15193668,autism | children | 10,videotapes,autism | effects,peers | peers | child with autism . Children | 576 | M age = 10.06 | children 's,descriptive ( AUT-D ) | descriptive and explanatory information ( AUT-D + E ) . | descriptive and explanatory information,peers ' perceptions | peers ' perceptions | behavioral intentions | ( Adjective Checklist ) | ( Shared Activities Questionnaire ) | children 's attitudes | behavioral intentions
gazetteer,15358868,autism | children | controls,control,autism,adults with autism . | adults with autism . | adults with autism,,searching for targets . | visual search performance | visual discrimination ability . | unique item detection
gazetteer,15848261,stroke | 30,control,stroke | improvement | duration,stroke patients ] | post-acute hemiparetic patients | Twenty-six patients within 3 months of onset of stroke,conventional physical therapy alone | specialised balance retraining program | physical therapy | therapy and retraining | conventional therapy | therapy | standing balance training by biofeedback ( BPM Monitor ) | conventional therapy .,gait improvement | Gait spatiotemporal parameters | clinical scores | time between stroke and the beginning of walking | Gait velocity | walking pattern | duration of the paretic limb single stance . | duration of the reception double stance on the paretic limb
gazetteer,15854186,Not Found,placebo,pain,flexible nasendoscopy : | 98 patients | flexible nasendoscopy . | flexible nasendoscopy .,Cophenylcaine | placebo | cophenylcaine | placebo | cophenylcaine | cophenylcaine,"pain , unpleasantness of taste and overall discomfort experienced . | pain and discomfort | pain or overall discomfort | sensation of bad taste | unpleasantness | pain | unpleasantness of taste ."
gazetteer,15858959,children | 4,treatment | placebo | placebo-controlled,effects | efficacy | duration | hospital stay,children | acute diarrhoea | children with acute diarrhoea . | Two hundred children | acute diarrhoea in children,Saccharomyces boulardii | Saccharomyces boulardii . | S. boulardii | S. boulardii | S. boulardii | placebo | placebo | S. boulardii | placebo | S. boulardii | placebo | S. boulardii | S. boulardii | placebo | placebo | S. boulardii | S. boulardii | S. boulardii,average stool frequency | duration of diarrhoea | duration of hospital stay | duration of acute diarrhoea | duration of hospital stay
gazetteer,16167234,20,control | tpn,Not Found,after digestive surgery ] | digestive surgery patients . | Forty patients who underwent digestive surgery | digestive surgery patients .,amino acid enriched formula | branch chain amino acid ( BCAA ) enriched formula | BCAA enriched | routine amino acid | BCAA | BCAA-enriched | BCAA enriched formula,"postoperative fatigue | nutritional status | nutritional status | postoperative fatigue | Nitrogen balance , serum total protein , albumin , prealbumin , transferrin , retinol binding protein and postoperative fatigue score | cumulative postoperative fatigue scores | nitrogen balance | cumulative nitrogen balance | serum total protein , albumin , prealbumin , transferrin | serum level of retinol binding protein | postoperative fatigue score | nutritional status"
gazetteer,16295154,children | 31,intervention | counseling | treatment | control,diagnostic | effects | stress | feasible,parents of children | autistic spectrum disorder | Parents of children | diagnosis of autistic spectrum disorder ( ASD ) | parents of children with ASD,"Intervention | nursing intervention | post-diagnosis nursing intervention | usual care | contact with a pediatric nurse practitioner ( PNP ) for counseling , instruction , and assistance with implementation of the recommended treatment plan | usual care | consultation session to receive the results of diagnostic tests and a written copy of the recommended treatment plan","parents ' reports of stress | impact of event ( diagnosis ) | use of services | "" impact of event "" | "" perceived stress """
gazetteer,16427787,Not Found,placebo | sleep deprivation,effects | activity,human,melatonin | melatonin | Melatonin | placebo | melatonin | melatonin | melatonin | melatonin,effects | task-related activity | subjective measurements of fatigue . | activation in the left parahippocampus | brain activity | fatigue
gazetteer,16505427,cancer | three | five | 23 | 22 | 15,treatment,overall survival | quality of life | improvement,anemic patients with cancer . | patients with cancer-associated anemia . | Three hundred sixty-five patients,erythropoietin | epoetin alfa | epoetin alfa | epoetin alfa | epoetin alfa | epoetin alfa | epoetin alfa | epoetin alfa .,requiring transfusions | hemoglobin ( Hb ) increment | drug dose | Hb | Hb | Toxicities | thromboembolism | overall survival | global quality of life ( QOL ) | global QOL | QOL | transfusion needs | QOL . | Hb increment
gazetteer,1669598,asthma | 10,placebo | treatment,efficacy | side effects | effective | well tolerated,10 patients with asthma due to HDM,immunotherapy | immunotherapy | local immunotherapy | powder extract of house dust mite ( HDM ) | parenteral immunotherapy ( PI ) | placebo | lactose | disodium cromoglycate ( DSCG ),efficacy | tolerability | symptoms score | peak expiratory flow ( PEF ) -derived parameters | bronchial response | bronchial responsiveness | immunologic humoral and cellular parameters in peripheral blood | local important adverse reactions | systemic side effects | systemic side effects .
gazetteer,17293018,Not Found,Not Found,safety | safe,patients with C. difficile-associated diarrhea ( CDAD ) | 77 patients with CDAD | patients with CDAD . | individuals with CDAD,whey protein concentrate | whey protein concentrate | immunized against Clostridium difficile ( C. | anti-C. difficile whey protein concentrate ( anti-CD WPC ) | anti-CD WPC | regular whey protein concentrate . | anti-CD WPC | anti-CD WPC | anti-CD WPC,safe | safe
gazetteer,17321989,4 | 10,itraconazole | fluconazole | chemotherapy,effects | adverse events | remission | well tolerated | efficacy,patients with acute myeloid leukemia and myelodysplastic syndromes : | Japanese | patients with acute myeloid leukemia ( AML ) or myelodysplastic syndromes ( MDS ) during and after chemotherapy . | patients with AML or MDS who received chemotherapy,itraconazole | fluconazole | fluconazole | itraconazole | itraconazole | fluconazole,Adverse events | probable or possible infections | frequency of infection
gazetteer,17616069,women,treatment,adverse events | effective,postpartum | Prague | Prague | 50 women | clinical and lab signs of postpartal anemia,trivalent ferrum preparation ] | trivalent ferrum preparation . | sacharose ferric oxide ( Venofer ) | Venofer | trivalent saccharose ferric oxide,effectivity | safeness | values of red blood count | serum values of soluble transferrin receptors and ferritin | iron cell saturation | body iron reserves | adverse events | effective | serious adverse event
llm_qwen,10070173,"'patients with SAR , who were symptomatic during the ragweed season , volunteered for enrolment ( 243 randomized","'budesonide Turbuhaler , budesonide aqua'
    Example 7: Text = '",'patients preferred the budesonide powder formulation delivered via Turbuhaler two to one over the aqua formulation',seasonal allergic rhinitis . | Two hundred and eighty-four out-patients | SAR | symptomatic during the ragweed season | 243 | SAR .,budesonide Turbuhaler | budesonide aqua | budesonide Turbuhaler | budesonide aqua | budesonide . | Turbuhaler | Turbuhaler | aqua spray | budesonide aqua | budesonide Turbuhaler | budesonide powder | Turbuhaler | aqua,patients ' preferences | quality of life . | Mean daily nasal symptom scores | eye symptoms . | nasal and non-nasal adverse events | epistaxis | headache . | nasal irritation | quality of life | safe | efficacious
llm_qwen,10390665,"'children aged 4-10 years'
    Example 5: Text = 'The effect of a 12","'granisetron , perphenazine'
    Example 7: Text = 'The aim of this study was to evaluate","'post-operative vomiting'
    Example 4: Text = 'the incidence of postoperative nausea and vomiting in children undergoing general",children . | tonsillectomy with or without adenoidectomy | children | 90 paediatric patients | ASA I | aged 4-10 years | children undergoing general anaesthesia for tonsillectomy,granisetron | perphenazine | granisetron | perphenazine | granisetron | perphenazine | granisetron | perphenazine | granisetron | perphenazine,"Anti-emetic efficacy | prevention | efficacy | complete response , defined as no emesis with no need for another rescue antiemetic | corresponding incidence | adverse events | long-term prevention | post-operative vomiting"
llm_qwen,10475150,"'patients with hypothyroidism'
    Example 5: Text = 'The role of somatostatin ( oct","'octreotide'
    Example 7: Text = 'The role of somatostatin ( octreotide )","'melatonin secretion'
    Example 4: Text = 'the role of somatostatin ( octreotide )",healthy volunteers and in patients with primary hypothyroidism . | 8 healthy volunteers | 6 women | untreated primary hypothyroidism | healthy volunteers | patients with hypothyroidism | normal subjects and in patients with primary hypothyroidism,somatostatin ( octreotide ) | Somatostatin | somatostatin | saline | octreotide ( Sandostatin ; | octreotide | saline . | octreotide | octreotide | saline ; | octreotide | saline . | octreotide | octreotide | saline ; | octreotide | somatostatin . | somatostatin | octreotide | somatostatin,melatonin secretion | melatonin secretion . | melatonin secretion | nocturnal melatonin secretion | melatonin secretion | urinary excretion of melatonin | GH secretion | nocturnal melatonin secretion | Urinary excretion of melatonin | total nocturnal secretion of TSH | nocturnal secretion and urinary excretion of melatonin
llm_qwen,10578479,"'women on common hormone therapies , such as oral contraceptives ( OC )'
    Example 5: Text = '",'20 g of protein and 38 mg of total isoflavones to their usual diet for another two menstrual,"'serum sex hormones'
    Example 4: Text = 'The effects of soy intake on sex hormone metabolism in pre",premenopausal women . | 36 premenopausal women | 20 | used OC | premenopausal OC | non-OC users .,soy | soy | soy | soy | soy beverage | soy | soy,"sex hormone metabolism | sex hormone metabolism | serum estrone , estradiol , sex hormone-binding globulin , dehydroepiandrosterone sulfate , prolactin , or progesterone concentrations | menstrual cycle length or the urinary estrogen metabolite ratio of 2-hydroxyestrone to 16 alpha-hydroxyestrone | urinary estrogen metabolites | menstrual cycle , serum sex hormones , or urinary estrogen metabolite ratio"
llm_qwen,10589810,"'subjects with known or suspected coronary artery disease'
    Example 5: Text = 'The aim of this study was to","'plastic curettes , conventional steel curettes'
    Example 7: Text = 'OBJECTIVE To evaluate","'non-root substance removing curettes'
    Example 4: Text = 'The aim of this study was to evaluate",40 subjects | 20 | 20,plastic curettes | conventional steel curettes | conventional steel curettes | plastic curettes | non-root substance removing curettes,Clinical effects | clinical effects | bleeding on probing ( BOP ) and probing pocket depth ( PPD ) | BOP percentage | BOP and PPD | BOP percentage | BOP | BOP
llm_qwen,10763172,"61
    Example 5: Text = 'The aim of this study was to evaluate the efficacy and safety of the","'Xylometazoline , Dexpanthenol , Xylometazoline-Dexpanthenol'
    Example","'rhinitis'
    Example 4: Text = 'The aim of this study was to evaluate the efficacy and safety",after nose surgery | 61 inpatients with the diagnosis Rhinitis following nasal operation | patients following nasal operations | rhinitis following nasal operation,xylometazoline | dexpanthenol ] | Xylometazoline | Dexpanthenol ( Nasic ) | Xylometazoline | verum | placebo | Xylometazoline-Dexpanthenol | Xylometazoline | Xylometazoline-Dexpanthenol | Xylometazoline,wound healing | efficacy | tolerability | nasal-breathing-resistance according to scores | efficacy | tolerability | compliance | improvement | efficacy | tolerability
llm_qwen,10764172,"'men ≥ 45 years'
    Example 5: Text = 'The effects of intrathecal morphine on","'intrathecal morphine'
    Example 7: Text = 'The effects of intrathecal morphine on NK","'immune response'
    Example 4: Text = 'The effects of intrathecal morphine on NK cell activity following",underwent hysterectomy | Forty patients were divided into four groups of ten .,morphine | morphine | morphine | morphine | morphine | morphine,NK cell activity | natural killer ( NK ) cell activity | postoperative pain score and side effects | NK cell activity | NK cell activities | plasma adrenaline | noradrenaline concentrations | plasma cortisol levels | pain score
llm_qwen,10912743,"'hypertensive patients'
    Example 5: Text = 'The effects of low-dose aspirin on clinic and","'aspirin , vitamin E , nonsteroidal antiinflammatory drugs , low-dose aspirin , aspirin ,","'clinics and ambulatory blood pressure'
    Example 4: Text = 'the effects of low-dose aspirin",treated hypertensive patients . | hypertensive patients receiving drug treatment | people with one or more cardiovascular risk factors . | hypertension | 142 hypertensive | 76 men | 66 women | mean age 59 +/- 5.9 years | treated with different antihypertensive drugs,aspirin | aspirin | aspirin | aspirin | vitamin E | aspirin | aspirin | aspirin | aspirin | aspirin,clinic and ambulatory blood pressure | blood pressure ( BP ) control | clinic and ambulatory systolic ( SBP ) and diastolic ( DBP ) BP | clinic BP | 24-h ambulatory BP monitoring | clinic SBP and DBP | Ambulatory SBP and DBP | BP
llm_qwen,10934569,"'children with pervasive developmental disorder NOS'
    Example 5: Text = 'The purpose of this study was to determine","'intensive treatment or parent training'
    Example 7: Text = 'The study was conducted in a single center ,","'intelligence'
    Example 4: Text = 'the results of the study are consistent with the hypothesis that the use of",children | pervasive developmental disorder | Young children | pervasive developmental disorder | 7 | autism | 8 | pervasive developmental disorder not otherwise specified -- NOS | 7 with autism | 6 with pervasive developmental disorder NOS | Children | pervasive developmental disorder,intensive early intervention | intensive treatment | parent training . | intensive treatment | parent training | parent training . | intensive treatment | parent training,intelligence | visual-spatial skills | language | academics | adaptive functioning | behavior problems .
llm_qwen,10940525,"'dogs and cats with naturally occurring flea infestations , some of which also had signs associated with FAD'
    Example","'selamectin , ivermectin , heartworms , fleas , heartworms , fleas","'flea infestations'
    Example 4: Text = 'The results of the study are presented in Table","dogs and cats presented as veterinary patients in North America . | dogs and cats | dogs and cats showing signs of flea allergy dermatitis ( FAD ) . | Dogs and cats with naturally occurring flea infestations , some of which also had signs associated with FAD | 220 dogs , 189 cats | dogs and cats diagnosed clinically with FAD . | 397 dogs free of adult heartworm infection from four heartworm-endemic areas of the USA | 673 dogs and 347 cats | 19 purebred or crossbred Collies ( Bearded , Border , and unspecified ) . | dogs and cats | dogs and cats .",selamectin | selamectin | selamectin | selamectin | selamectin | fenthion | pyrethrins | Selamectin | selamectin-treated | Selamectin | selamectin | ivermectin | Selamectin | Selamectin | selamectin | Selamectin,Efficacy | safety | efficacy | safety | flea comb counts | clinical evaluations of FAD | mean flea counts | mean flea counts | mean flea counts | mean flea counts | heartworm prevention rate | adverse events . | effective | signs associated with FAD . | heartworms | safe
llm_qwen,11099086,"'children ages 6 months to 10 years'
    Example 5: Text = 'The purpose of this study","'ciprofloxacin , ceftriaxone'
    Example 7: Text = 'OBJECTIVE To","'the recurrence rate of tumors'
    Example 4: Text = 'The results of the study are presented in Table",acute invasive diarrhea | children | children . | acute invasive diarrhea | infants and children | 201 | children ages 6 months to 10 years ( 35 % < 1 year ; 70 % < 3 years ) presenting with acute invasive diarrhea at the Pediatric Emergency Room | ambulatory pediatric patients requiring an emergency room visit .,ciprofloxacin | ceftriaxone | ceftriaxone | ciprofloxacin | ciprofloxacin | ceftriaxone | ciprofloxacin | ceftriaxone | ciprofloxacin | ciprofloxacin | ceftriaxone | ciprofloxacin | ceftriaxone,"efficacy | safety | Stool cultures for Shigella , Salmonella , Campylobacter spp . and diarrheagenic Escherichia coli | Clinical response and safety | Clinical cure or improvement | adverse events | Joint examination | safe | effective"
llm_qwen,11229858,"'children with malaria'
    Example 5: Text = 'The effect of the use of a new drug in the treatment","'naproxen , metamizol , fever peaks , fever clearance , malaria , antipyretic drugs'
    Example","'antipyretic treatment'
    Example 4: Text = 'the results of the study are presented in the following",children | malaria | children | malaria | malaria .,antipyretic drugs | antipyretics | naproxen | metamizol | Antipyretic,reduction of fever peaks . | fever clearance
llm_qwen,1131298,"'healthy subjects'
    Example 5: Text = 'The effect of the essential oils of garlic and onion on alimentary","'garlic , onion , garlic and onion , garlic and onion , garlic and onion , garlic and onion , garlic and onion","'alimentary hyperlipemia'
    Example 4: Text = 'The effect of the essential oils of garlic and",10 healthy subjects,essential oils of garlic and onion | garlic and onion | garlic or onion | essential oils | Garlic and onion | garlic | onion . | garlic and onion,serum cholesterol and plasma fibrinogen | coagulation time | fibrinolytic activity . | effects
llm_qwen,11317090,'adults from Washington State aged 55 to 75 with a doctor-confirmed diagnosis of osteoarthritis,"'aquatic exercise'
    Example 7: Text = 'OBJECTIVE To evaluate the effectiveness of a 12-week","'aquatic exercise'
    Example 4: Text = 'The effects of a 12-week aquatic exercise program on",persons with osteoarthritis . | 249 adults from Washington State aged 55 to 75 | doctor-confirmed diagnosis of osteoarthritis,aquatic exercise | aquatic exercise classes | aquatic classes . | aquatic classes . | Aquatic exercisers | Aquatic exercise | aquatic exercise .,"Economic evaluation | cost | outcomes | Cost per quality-adjusted life year ( QALY ) | cost/QALY | Quality of Well-Being Scale ( QWB ) | Current Health Desirability Rating ( CHDR ) | arthritis-specific Health Assessment Questionnaire ( HAQ ) , Center for Epidemiologic Studies-Depression Scale ( CES-D ) | Perceived Quality of Life Scale ( PQOL ) | QALYs . Use of health care facilities | Medicare reimbursement rates | costs/QALY ratios | ( QWB ) | ( CHDR , HAQ , PQOL ) | Costs/QALY | QWB | CHRD . | QALY"
llm_qwen,11381289,"'patients at high risk for cardiovascular events'
    Example 5: Text = 'The results of the HOPE trial were","'vitamin E , ACE inhibitor therapy'
    Example 7: Text = 'The results of the study are important because","'blood pressure'
    Example 4: Text = 'The results of the study were published in the New England Journal of",patients at high risk for cardiovascular events .,ramipril | angiotensin-converting enzyme ( ACE ) inhibitor | ramipril | vitamin E | ACE inhibitor,"rates of death , myocardial infarction , stroke , coronary revascularization , cardiac arrest and heart failure | risk of diabetes-related complications and of diabetes itself ."
llm_qwen,11401641,'patients with open angle glaucoma or ocular hypertension where IOP is not adequately controlled with timolol',"'latanoprost , timolol , combined treatment'
    Example 7: Text = 'The effect of a","'IOP reduction'
    Example 4: Text = 'the effect of the combination of timolol and latan","patients insufficiently controlled on timolol . | patients with open angle glaucoma or ocular hypertension where IOP is not adequately controlled with timolol . | 53 patients with primary open angle glaucoma , capsular glaucoma , or ocular hypertension with an IOP of at least 21 mmHg on current therapy",timolol | latanoprost | latanoprost | timolol | timolol | timolol | timolol | latanoprost | latanoprost | timolol .,IOP-reducing | intraocular pressure ( IOP ) | IOP | IOP | IOP | IOP | IOP | IOP
llm_qwen,11454878,"'patients with epithelial ovarian carcinoma that recurred after or did n't respond to first-line , platinum-based chemotherapy'","'PLD , topotecan'
    Example 7: Text = 'OBJECTIVE To evaluate the efficacy and safety of","'platinum-refractory subgroup'
    Example 4: Text = 'the recurrence rate of tumors in 30","patients with epithelial ovarian carcinoma that recurred after or did n't respond to first-line , platinum-based chemotherapy . | Patients with measurable and assessable disease | 474",pegylated liposomal doxorubicin | topotecan . | pegylated liposomal doxorubicin ( PLD ) | topotecan | PLD | topotecan | PLD | topotecan | PLD | topotecan | PLD | topotecan | PLD | PLD | topotecan . | PLD | topotecan | topotecan | topotecan | PLD,efficacy | safety | overall progression-free survival rates | overall response rates | Median overall survival times | overall survival | Severe hematologic toxicity | efficacy | safety
llm_qwen,11495215,"'women who smoke and take oral contraceptives ( OCs )'
    Example 5: Text = 'The purpose","'chronic cigarette smoking , acute nicotine administration , and OC use'
    Example 7: Text = 'The purpose of","'cardiovascular reactivity'
    Example 4: Text = 'The results of this study indicate that the use of","Sixty healthy women , half of whom had been using OCs for at least the previous 6 months | two thirds were smokers | One third were nonsmokers .",Oral contraceptive | oral contraceptives ( OCs ) | nicotine | nicotine | OC | nicotine | OC | nicotine | nicotine | OC,"cardiovascular reactivity | cardiovascular and lipid reactivity . | Heart rate , blood pressure , and lipid measures | heart rate and diastolic blood pressure reactivity | cardiovascular or lipid stress reactivity | cardiovascular reactivity"
llm_qwen,11642083,"'patients with Q-MI'
    Example 5: Text = 'The aim of this study was to evaluate the effect","'neoton , streptokinase preparations , streptokinase preparations , TLT , TLT , TLT ,","'neoton'
    Example 4: Text = 'the results of the study are presented in Table 1 . the",myocardial infarction | patients on thrombolytic therapy ( TLT ) . | 106 males | Q-MI,Neoton | thrombolytic therapy | neoton | thrombolytic therapy ( TLT ) | TLT | neoton | TLT | streptokinase | streptokinase preparations | neoton . | neoton | neoton | Neoton,"systolic function of the left ventricle , arrhythmia and clinical symptoms | Left ventricular systolic function | arrhythmia | systolic and diastolic volumes | left ventricular systolic dysfunction"
llm_qwen,11737955,"'subjects with known or suspected coronary artery disease'
    Example 5: Text = 'The effects of a 12","'alpha-tocopherol , beta-carotene , antioxidant supplementation , exercise-induced oxidative stress'
    Example 7:","'free radical products of antipyrine'
    Example 4: Text = 'the effects of 12 weeks",the 60-year-old | older adults ( 60 ( SE 1 ) years ; BMI 26 ( SE 1 ) kg/m ( 2 ) ) | 60-year-old subjects,Antioxidant supplementation | antipyrine | antioxidant supplementation | dl-alpha-tocopheryl acetate | ascorbic acid | beta-carotene | placebo | Antipyrine | antioxidant supplementation,para- and ortho-hydroxyantipyrine to antipyrine . | thiobarbituric acid reactive substances in plasma . | free radical products of antipyrine .
llm_qwen,11750293,"'patients with a history of recently diagnosed RA of less than 2 years'
    Example 5: Text = 'The","'depression , disability , pain , beliefs about the consequences of arthritis and coping strategies'
    Example 7: Text =","'pain'
    Example 4: Text = 'The course of depression in recent onset rheumatoid arthritis : the predictive",recent onset rheumatoid arthritis : | patients with recently diagnosed rheumatoid arthritis ( RA ) | Twenty-two patients with a history of recently diagnosed RA of less than 2 years | 22 patients,standard outpatient clinic treatment,"disability | illness perceptions | pain | coping | depression . | clinical outcome and process measures | predict depression | depression , disability , pain , beliefs about the consequences of arthritis and coping strategies ."
llm_qwen,11829043,"'patients who had undergone stoma surgery'
    Example 5: Text = 'The purpose of this study was to investigate","'muscle relaxation training'
    Example 7: Text = 'The purpose of this study was to evaluate the effect of","'state anxiety'
    Example 4: Text = 'The results of the study are presented in Table 1 . The",patients after stoma surgery . Eighteen patients who had undergone stoma surgery | patients after stoma surgery .,progressive muscle relaxation training | progressive muscle relaxation training ( PMRT ) | PMRT,"anxiety level and self-reported quality of life ( QoL ) | Chinese State-Trait Anxiety Inventory ( C-STAI ) , the Quality of Life Index for Colostomy ( QoL-Colostomy ) and the Hong Kong Chinese version of the World Health Organisation Quality of Life Scale ( WHOQoL ) . | C-STAI score | WHOQoL score | WHOQoL | QoL | QoL-Colostomy | quality of life | anxiety"
llm_qwen,11891832,"'patients with inclusion body myositis'
    Example 5: Text = 'The effect of a 12-week","'methotrexate , placebo'
    Example 7: Text = 'The study was conducted in a double-blind ,","'muscle weakness'
    Example 4: Text = 'the results of the study are presented in the following table .",inclusion body myositis | 44 patients with inclusion body myositis,methotrexate | placebo . | methotrexate | methotrexate | placebo | methotrexate | methotrexate,"weakness progression | disease progression | Mean change of quantitative muscle strength testing sum scores | Quantitative muscle strength testing sum scores | manual muscle testing sum scores , activity scale scores and patients ' own assessments | Serum creatine kinase activity | progression of muscle weakness | serum creatine kinase activity ."
llm_qwen,12139812,"'patients with initial pterygium'
    Example 5: Text = 'OBJECTIVE To investigate the effect of the combination","'limbal epithelial autograft transplantation , pterygium excision'
    Example 7: Text = 'OBJECT","'limbal epithelial autograft transplantation'
    Example 4: Text = 'The results of the study are presented",pterygium | pterygium . | 208 patients | initial pterygium,[ Limbal epithelial autograft transplantation | limbal epithelial autograft transplantation | pterygium excision | excision of pterygium | limbal epithelial autograft transplantation surgery | simple pterygium excision | limbal epithelial autograft transplantation,epithelial healing | abnormal proliferation of pterygium-like tissue .
llm_qwen,12477021,"'patients with known or suspected coronary artery disease'
    Example 5: Text = 'The aim of this study was to","'goldmann applanation tonometer , goldmann applanation tonometer , goldmann applanation tonometer , goldmann ap","'clinical performance'
    Example 4: Text = 'The aim of this study was to evaluate the accuracy of the Reich",Thirty-five university students were assessed,Reichert AT550 : | Reichert AT550 . | Reichert Xpert Plus | Goldmann applanation tonometer | Perkins tonometer . | AT550 NCT | Goldmann tonometer | AT550 NCT | Goldmann tonometry,Clinical performance | level of accuracy | measurements | IOP
llm_qwen,12576806,"'patients with primary ureteropelvic junction obstruction'
    Example 5: Text = 'The purpose of this study","'2 weeks'
    Example 7: Text = 'The aim of this study was to evaluate the effect of a","'functional restoration across the ureteropelvic junction'
    Example 4: Text = 'the results of this study",57 | patients with primary ureteropelvic junction obstruction,stenting | Internal stenting | stenting | 7/14Fr internal endopyelotomy stent placement,optimum duration of stenting | symptoms | ipsilateral glomerular filtration rate . | drainage pattern . | Stent related symptoms | urinary tract infections | duration | stent related complications .
llm_qwen,12586799,"'patients with advanced NPC'
    Example 5: Text = 'The purpose of this study was to evaluate the efficacy of","'CCRT , RT , chemotherapy'
    Example 7: Text = 'The study was conducted in the Department of Internal","'chemotherapy'
    Example 4: Text = 'the recurrence rate of tumors in 308 patients after a",advanced nasopharyngeal carcinoma : | patients with advanced NPC . | From December 1993 to April 1999 | 284 patients with 1992 American Joint Committee on Cancer stage III to IV ( M0 ) NPC | patients with advanced NPC,concurrent chemoradiotherapy | radiotherapy | concurrent chemoradiotherapy ( CCRT ) | radiotherapy ( RT ) | chemotherapy | cisplatin | fluorouracil | CCRT | RT-alone | CCRT | RT-only | CCRT | RT-only | CCRT | CCRT | RT,overall and progression-free survival . | Survival analysis | tumor relapse | 5-year overall survival rates | 5-year progression-free survival rates | toxicity | leukopenia | emesis | treatment-related deaths
llm_qwen,12595499,"'people at high cardiovascular risk'
    Example 5: Text = 'The effect of a 12-week diet and","'ramipril'
    Example 7: Text = 'The study was conducted in 1999 and","'microalbuminuria'
    Example 4: Text = 'the results of the HOPE randomized study . In people",people at high cardiovascular risk | people with diabetes | 7674 participants with albuminuria data at baseline and at follow-up | nondiabetic and in diabetic people .,ramipril 's | placebo | Ramipril | Ramipril,clinical proteinuria | progression of albuminuria | microalbuminuria | clinical proteinuria . | progression | albuminuria . | progression of albuminuria .
llm_qwen,12709693,"100
    Example 5: Text = 'The purpose of this study was to evaluate the efficacy of a new","'remifentanil , propofol , midazolam , fentanyl , propofol , total intr","'analgesia/sedation'
    Example 4: Text = 'The results of this study indicate that the use",outpatient colonoscopy . | 100 adult patients,remifentanil | propofol | fentanyl | midazolam | propofol | remifentanil | propofol | midazolam | fentanyl | propofol | remifentanil | propofol | fentanyl | midazolam | propofol | remifentanil | propofol,Cardiorespiratory parameters | bispectral index | Numerical Pain Rating Scale ( NRS ) | recovery level | return of psychomotor efficiency | Aldrete scale | Modified Post Anesthesia Discharge Scoring ( MPADS ) system | pain intensity score | maximum MPADS score | mean arterial pressure and heart rate and signs of respiratory depression | analgesia | hemodynamic stability | respiratory depression | rapid recovery
llm_qwen,1286547,"'IDDM patients with borderline hypertension'
    Example 5: Text = 'The effect of nitrendipine on plate","'nitrendipine'
    Example 7: Text = 'OBJECTIVE To evaluate the effect of a 12","'platelet activation'
    Example 4: Text = 'the effect of nitrendipine on platelet aggregation in",borderline hypertensive patients with IDDM-type diabetes mellitus . Twenty-nine IDDM patients with borderline hypertension | diabetic patients with borderline hypertension .,dihydropyridine calcium channel blocker | nitrendipine | placebo | nitrendipine | Nitrendipine | placebo | nitrendipine | nitrendipine | nitrendipine,platelet thromboxane formation | Stimulated platelet thromboxane formation | plasma levels of platelet factor 4 and aggregation responses to collagen and ADP | thromboxane formation | Exercise induced change of thromboxane synthesis | PF4 plasma levels | Whole blood aggregation after collagen stimulation | aggregation | collagen dependent platelet activation
llm_qwen,12960652,"'patients with gastrointestinal diseases'
    Example 5: Text = 'The aim of this study was to investigate the effect of","'epigastric impedance , gastric dysrhythmia , gastrointestinal symptoms , myoelectrical dysrhythmia ,","'electrical control activity'
    Example 4: Text = 'The results of the study are presented in Table 1","infants | gastrointestinal diseases | infants with different gastrointestinal diseases | 21 patients | age 0-2 months | 40 healthy infants | age 0-2 months | patients suffered from partial or total intestinal obstruction , necrotizing enterocolitis or pyloric stenosis.All infants were fasting",epigastric impedance | Epigastric impedance | epigastric impedance | epigastric impedance,epigastric impedance | phasic activity | frequency phasic activity | phasic activity
llm_qwen,1459268,"'patients undergoing IVF'
    Example 5: Text = 'The effect of the use of a new drug on the","'GnRH-a , ovulation induction , fertilization , and pregnancy rates'
    Example 7: Text = '","'fertilization , pregnancy rates'
    Example 4: Text = 'the results of the study are presented in Table",in vitro fertilization ( IVF ) | Forty-eight patients having IVF for the first time | undergoing IVF,gonadotropin-releasing hormone agonist | gonadotropin-releasing hormone agonist ( GnRH-a ) | GnRH-a .,"usefulness | Response to ovarian stimulation and occurrence of spontaneous luteinizing hormone ( LH ) surges . | ovulation induction , fertilization , and pregnancy rates | LH surge ."
llm_qwen,14679127,"'patients with advanced epithelial ovarian cancer'
    Example 5: Text = 'The effect of a 12-week","'topotecan , paclitaxel'
    Example 7: Text = 'The study was conducted in a","'non-haematological toxicity'
    Example 4: Text = 'the results of the study are presented in Table",advanced epithelial ovarian carcinoma . | patients with advanced epithelial ovarian cancer who had failed one prior platinum-based regimen . | Patients with bidimensionally measurable disease | 226 | ovarian cancer .,topotecan | paclitaxel | topotecan | paclitaxel | topotecan | paclitaxel | topotecan | paclitaxel | topotecan | paclitaxel | Topotecan | paclitaxel | topotecan,European Organisation for Research and Treatment of Cancer Quality of Life ( EORTC QOL ) -C30 questionnaire | pain | anorexia | diarrhoea | fatigue | nausea | vomiting | dyspnea | constipation | insomnia | progression | median survival | efficacy | survival | haematological toxicity . Non-haematological toxicity
llm_qwen,14739125,"'men ≥ 45 years'
    Example 5: Text = 'The effects of the cholesteryl ester","'torcetrapib'
    Example 7: Text = 'OBJECTIVE To evaluate the efficacy of a novel oral","'apoB'
    Example 4: Text = 'the effect of the cholesteryl ester transfer protein inhibitor tor",healthy young | Five groups of 8 subjects each,torcetrapib . | cholesteryl ester transfer protein ( CETP ) inhibitor torcetrapib | placebo | torcetrapib | Torcetrapib,plasma drug levels | Total plasma cholesterol | nonHDL-C | low-density lipoprotein cholesterol | Apolipoprotein A-I and E | apoB | Cholesteryl ester content | triglyceride
llm_qwen,14763035,"'CAPD patients with LVH'
    Example 5: Text = 'The aim of this study was to investigate the","'Valsartan , placebo'
    Example 7: Text = 'The aim of this study was to evaluate the effect","'LVH'
    Example 4: Text = 'The results of this study indicate that the use of a selective ang",left ventricular hypertrophy | patients on continuous ambulatory peritoneal dialysis ( CAPD ) . | 24 CAPD patients with LVH [ left ventricular mass index ( LVMi ) > 110 g/m2 for women | LVMi > 137 g/m2 for men,Valsartan | selective angiotensin II receptor blocker ( ARB ) | ARB valsartan | placebo | ARB . | ARB | placebo | ARB,"blood pressure ( BP ) | aortic and large-artery compliance | arterial wave reflections [ pulse wave velocity ( PWV ) | augmentation index ( AI ) application tonometry ] | cardiac echocardiography . | body weight , BP ( mercury sphygmomanometer ) , serum creatinine , electrolytes , complete blood cell counts , urine volume , drainage volume , and weekly creatinine clearance . | Systolic and diastolic BP | LVMi | LVMi | PWV | AI | LVMi"
llm_qwen,15014018,"'patients with stage IIB and III melanoma'
    Example 5: Text = 'The purpose of this study was","'high-dose interferon'
    Example 7: Text = 'The purpose of this study was to determine the effect","'relapse'
    Example 4: Text = 'the results of the study are presented in the following table . The",Nearly 2000 patients with stage IIB and III melanoma | patients with high-risk resected melanoma,interferon | IFN-alpha 2b | IFN-alpha 2b ( HDI ) | Obs | HDI | Obs | HDI | Obs,relapse-free survival ( RFS ) | overall survival ( OS ) | RFS | OS | RFS | OS
llm_qwen,15133359,"34
    Example 5: Text = 'The aim of this study was to evaluate the effect of a new technique","'electrophysiology catheter aided positioning strategy , GCA , EPA'
    Example 7: Text = 'OBJECT","'fluoroscopy time'
    Example 4: Text = 'The use of a new technique for the placement of",biventricular implantation | Thirty-four consecutive patients,catheters | guiding catheter alone | GCA | electrophysiology catheter advanced | electrophysiology catheter aided | EPA | GCA | GCA | EPA | EPA | GCA | EPA | GCA | EPA | GCA,"CS cannulation time | Time to successful catheterization of CS | Fluoroscopy time | contrast dye volume | procedural time , fluoroscopy time | contrast dye volume"
llm_qwen,15193668,"'third- and fourth-graders'
    Example 5: Text = 'The purpose of this study was to examine the","'AUT-D , AUT-D + E'
    Example 7: Text = 'The purpose of this study was to examine","'behavioral intentions'
    Example 4: Text = 'The results of this study suggest that the use of a combination",peers | peers | child with autism . Children | 576 | M age = 10.06 | children 's,descriptive ( AUT-D ) | descriptive and explanatory information ( AUT-D + E ) . | descriptive and explanatory information,peers ' perceptions | peers ' perceptions | behavioral intentions | ( Adjective Checklist ) | ( Shared Activities Questionnaire ) | children 's attitudes | behavioral intentions
llm_qwen,15358868,"'adults with autism'
    Example 5: Text = 'The present study investigated the effects of a 12","'adults with autism , superior visual discrimination ability , stimulus processing disturbances'
    Example 7: Text = 'The purpose","'stimulus processing disturbances'
    Example 4: Text = 'the results of this study suggest that the use of a",adults with autism . | adults with autism . | adults with autism,,searching for targets . | visual search performance | visual discrimination ability . | unique item detection
llm_qwen,15848261,"'patients with left hemiplegia'
    Example 5: Text = 'The purpose of this study was to investigate","'biofeedback , forceplate system training , anticipation equilibrium , conventional therapy , rehabilitation unit'
    Example 7: Text =","'spasticity'
    Example 4: Text = 'The results of the study are presented in Table 1 .",stroke patients ] | post-acute hemiparetic patients | Twenty-six patients within 3 months of onset of stroke,conventional physical therapy alone | specialised balance retraining program | physical therapy | therapy and retraining | conventional therapy | therapy | standing balance training by biofeedback ( BPM Monitor ) | conventional therapy .,gait improvement | Gait spatiotemporal parameters | clinical scores | time between stroke and the beginning of walking | Gait velocity | walking pattern | duration of the paretic limb single stance . | duration of the reception double stance on the paretic limb
llm_qwen,15854186,"'patients with known or suspected coronary artery disease'
    Example 5: Text = 'The effect of a 12",'cophenylcaine spray vs. placebo in flexible nasendoscopy : a prospective double-blind randomised controlled,"'pain and unpleasantness of taste and overall discomfort experienced'
    Example 4: Text = 'the results of this study",flexible nasendoscopy : | 98 patients | flexible nasendoscopy . | flexible nasendoscopy .,Cophenylcaine | placebo | cophenylcaine | placebo | cophenylcaine | cophenylcaine,"pain , unpleasantness of taste and overall discomfort experienced . | pain and discomfort | pain or overall discomfort | sensation of bad taste | unpleasantness | pain | unpleasantness of taste ."
llm_qwen,15858959,"'children with acute diarrhoea'
    Example 5: Text = 'The effect of the combination of metformin","'S. boulardii'
    Example 7: Text = 'OBJECTIVE To evaluate the effect of a","'duration of hospital stay'
    Example 4: Text = 'the effect of the combination of metformin and met",children | acute diarrhoea | children with acute diarrhoea . | Two hundred children | acute diarrhoea in children,Saccharomyces boulardii | Saccharomyces boulardii . | S. boulardii | S. boulardii | S. boulardii | placebo | placebo | S. boulardii | placebo | S. boulardii | placebo | S. boulardii | S. boulardii | placebo | placebo | S. boulardii | S. boulardii | S. boulardii,average stool frequency | duration of diarrhoea | duration of hospital stay | duration of acute diarrhoea | duration of hospital stay
llm_qwen,16167234,"'patients who underwent digestive surgery'
    Example 5: Text = 'OBJECTIVE To investigate the effect of a combination of","'nutritional status , postoperative fatigue , digestive surgery , branch chain amino acid enriched formula'
    Example 7: Text","'postoperative fatigue score'
    Example 4: Text = 'The results of this study indicate that the use of a",after digestive surgery ] | digestive surgery patients . | Forty patients who underwent digestive surgery | digestive surgery patients .,amino acid enriched formula | branch chain amino acid ( BCAA ) enriched formula | BCAA enriched | routine amino acid | BCAA | BCAA-enriched | BCAA enriched formula,"postoperative fatigue | nutritional status | nutritional status | postoperative fatigue | Nitrogen balance , serum total protein , albumin , prealbumin , transferrin , retinol binding protein and postoperative fatigue score | cumulative postoperative fatigue scores | nitrogen balance | cumulative nitrogen balance | serum total protein , albumin , prealbumin , transferrin | serum level of retinol binding protein | postoperative fatigue score | nutritional status"
llm_qwen,16295154,"'parents of children who receive the diagnosis of autistic spectrum disorder ( ASD )'
    Example 5: Text = 'The","'usual care plus 3 hours contact with a pediatric nurse practitioner for counseling , instruction , and assistance with implementation of the recommended","'parents'
    Example 4: Text = 'The purpose of this study was to determine the effectiveness of a 1",parents of children | autistic spectrum disorder | Parents of children | diagnosis of autistic spectrum disorder ( ASD ) | parents of children with ASD,"Intervention | nursing intervention | post-diagnosis nursing intervention | usual care | contact with a pediatric nurse practitioner ( PNP ) for counseling , instruction , and assistance with implementation of the recommended treatment plan | usual care | consultation session to receive the results of diagnostic tests and a written copy of the recommended treatment plan","parents ' reports of stress | impact of event ( diagnosis ) | use of services | "" impact of event "" | "" perceived stress """
llm_qwen,16427787,"'subjects with known or suspected coronary artery disease'
    Example 5: Text = 'The effects of the antihyp","'melatonin , but not placebo , reduced task-related activity in the rostro-medial aspect of the occipital cortex","'sleep'
    Example 4: Text = 'the effects of melatonin on brain activities and their relation to induction of",human,melatonin | melatonin | Melatonin | placebo | melatonin | melatonin | melatonin | melatonin,effects | task-related activity | subjective measurements of fatigue . | activation in the left parahippocampus | brain activity | fatigue
llm_qwen,16505427,"'patients with cancer'
    Example 5: Text = 'The purpose of this study was to determine the effect of a","'40,000 U , 120,000 U'
    Example 7: Text","'hemoglobin'
    Example 4: Text = 'the results of the study are presented in Table 1 . The",anemic patients with cancer . | patients with cancer-associated anemia . | Three hundred sixty-five patients,erythropoietin | epoetin alfa | epoetin alfa | epoetin alfa | epoetin alfa | epoetin alfa | epoetin alfa | epoetin alfa .,requiring transfusions | hemoglobin ( Hb ) increment | drug dose | Hb | Hb | Toxicities | thromboembolism | overall survival | global quality of life ( QOL ) | global QOL | QOL | transfusion needs | QOL . | Hb increment
llm_qwen,1669598,"'patients with asthma due to HDM'
    Example 5: Text = 'The aim of this study was to evaluate","'DSCG , LI , PI , HDM , asthma , HDM , asthma , asthma , asthma , asthma ,",'local immunotherapy by inhalation of a powder extract in asthma due to house dust mite Dermatophagoides,10 patients with asthma due to HDM,immunotherapy | immunotherapy | local immunotherapy | powder extract of house dust mite ( HDM ) | parenteral immunotherapy ( PI ) | placebo | lactose | disodium cromoglycate ( DSCG ),efficacy | tolerability | symptoms score | peak expiratory flow ( PEF ) -derived parameters | bronchial response | bronchial responsiveness | immunologic humoral and cellular parameters in peripheral blood | local important adverse reactions | systemic side effects | systemic side effects .
llm_qwen,17293018,"'patients with CDAD'
    Example 5: Text = 'The effect of a 12-week dietary intervention on","'whey protein concentrate'
    Example 7: Text = 'The safety of whey protein concentrate derived from the milk","'the recurrence rate of tumors'
    Example 4: Text = 'The safety of whey protein concentrate derived from the",patients with C. difficile-associated diarrhea ( CDAD ) | 77 patients with CDAD | patients with CDAD . | individuals with CDAD,whey protein concentrate | whey protein concentrate | immunized against Clostridium difficile ( C. | anti-C. difficile whey protein concentrate ( anti-CD WPC ) | anti-CD WPC | regular whey protein concentrate . | anti-CD WPC | anti-CD WPC | anti-CD WPC,safe | safe
llm_qwen,17321989,"'patients with acute myeloid leukemia or myelodysplastic syndromes'
    Example 5: Text","'itraconazole , fluconazole'
    Example 7: Text = 'The efficacy of the combination of 5","'systemic fungal infection'
    Example 4: Text = 'the incidence of systemic fungal infections in patients with acute my",patients with acute myeloid leukemia and myelodysplastic syndromes : | Japanese | patients with acute myeloid leukemia ( AML ) or myelodysplastic syndromes ( MDS ) during and after chemotherapy . | patients with AML or MDS who received chemotherapy,itraconazole | fluconazole | fluconazole | itraconazole | itraconazole | fluconazole,Adverse events | probable or possible infections | frequency of infection
llm_qwen,17616069,"50
    Example 5: Text = 'The aim of this study was to evaluate the effect of a new oral","'trivalent ferrum preparation'
    Example 7: Text = 'OBJECTIVE To evaluate the effectivity of a new","'trivalent ferrum preparation'
    Example 4: Text = 'the results of the study are presented in Table",postpartum | Prague | Prague | 50 women | clinical and lab signs of postpartal anemia,trivalent ferrum preparation ] | trivalent ferrum preparation . | sacharose ferric oxide ( Venofer ) | Venofer | trivalent saccharose ferric oxide,effectivity | safeness | values of red blood count | serum values of soluble transferrin receptors and ferritin | iron cell saturation | body iron reserves | adverse events | effective | serious adverse event
rule_based,10070173,patients with SAR ,nasal devices | 256 mg | 400 mg,symptom scores,seasonal allergic rhinitis . | Two hundred and eighty-four out-patients | SAR | symptomatic during the ragweed season | 243 | SAR .,budesonide Turbuhaler | budesonide aqua | budesonide Turbuhaler | budesonide aqua | budesonide . | Turbuhaler | Turbuhaler | aqua spray | budesonide aqua | budesonide Turbuhaler | budesonide powder | Turbuhaler | aqua,patients ' preferences | quality of life . | Mean daily nasal symptom scores | eye symptoms . | nasal and non-nasal adverse events | epistaxis | headache . | nasal irritation | quality of life | safe | efficacious
rule_based,10390665,Not Found,70 mg | 40 mg,Not Found,children . | tonsillectomy with or without adenoidectomy | children | 90 paediatric patients | ASA I | aged 4-10 years | children undergoing general anaesthesia for tonsillectomy,granisetron | perphenazine | granisetron | perphenazine | granisetron | perphenazine | granisetron | perphenazine | granisetron | perphenazine,"Anti-emetic efficacy | prevention | efficacy | complete response , defined as no emesis with no need for another rescue antiemetic | corresponding incidence | adverse events | long-term prevention | post-operative vomiting"
rule_based,10475150,women with untreated primary hypothyroidism  | patients with hypothyroidism also showed similar nocturnal melatonin secretion during octreotide and saline  | patients with primary hypothyroidism  | 6 women,Not Found,Not Found,healthy volunteers and in patients with primary hypothyroidism . | 8 healthy volunteers | 6 women | untreated primary hypothyroidism | healthy volunteers | patients with hypothyroidism | normal subjects and in patients with primary hypothyroidism,somatostatin ( octreotide ) | Somatostatin | somatostatin | saline | octreotide ( Sandostatin ; | octreotide | saline . | octreotide | octreotide | saline ; | octreotide | saline . | octreotide | octreotide | saline ; | octreotide | somatostatin . | somatostatin | octreotide | somatostatin,melatonin secretion | melatonin secretion . | melatonin secretion | nocturnal melatonin secretion | melatonin secretion | urinary excretion of melatonin | GH secretion | nocturnal melatonin secretion | Urinary excretion of melatonin | total nocturnal secretion of TSH | nocturnal secretion and urinary excretion of melatonin
rule_based,10578479,Not Found,38 mg,Levels,premenopausal women . | 36 premenopausal women | 20 | used OC | premenopausal OC | non-OC users .,soy | soy | soy | soy | soy beverage | soy | soy,"sex hormone metabolism | sex hormone metabolism | serum estrone , estradiol , sex hormone-binding globulin , dehydroepiandrosterone sulfate , prolactin , or progesterone concentrations | menstrual cycle length or the urinary estrogen metabolite ratio of 2-hydroxyestrone to 16 alpha-hydroxyestrone | urinary estrogen metabolites | menstrual cycle , serum sex hormones , or urinary estrogen metabolite ratio"
rule_based,10589810,Not Found,Not Found,side effects,40 subjects | 20 | 20,plastic curettes | conventional steel curettes | conventional steel curettes | plastic curettes | non-root substance removing curettes,Clinical effects | clinical effects | bleeding on probing ( BOP ) and probing pocket depth ( PPD ) | BOP percentage | BOP and PPD | BOP percentage | BOP | BOP
rule_based,10763172,30 patients,controlled | placebo,to scores,after nose surgery | 61 inpatients with the diagnosis Rhinitis following nasal operation | patients following nasal operations | rhinitis following nasal operation,xylometazoline | dexpanthenol ] | Xylometazoline | Dexpanthenol ( Nasic ) | Xylometazoline | verum | placebo | Xylometazoline-Dexpanthenol | Xylometazoline | Xylometazoline-Dexpanthenol | Xylometazoline,wound healing | efficacy | tolerability | nasal-breathing-resistance according to scores | efficacy | tolerability | compliance | improvement | efficacy | tolerability
rule_based,10764172,Not Found,10 mg | 0.5 mg | 0.1 mg,pain score | baseline level | cortisol levels | side effects,underwent hysterectomy | Forty patients were divided into four groups of ten .,morphine | morphine | morphine | morphine | morphine | morphine,NK cell activity | natural killer ( NK ) cell activity | postoperative pain score and side effects | NK cell activity | NK cell activities | plasma adrenaline | noradrenaline concentrations | plasma cortisol levels | pain score
rule_based,10912743,76 men | 71 patients | 66 women,controlled | BP monitoring | 100 mg,affect blood pressure | ambulatory blood pressure,treated hypertensive patients . | hypertensive patients receiving drug treatment | people with one or more cardiovascular risk factors . | hypertension | 142 hypertensive | 76 men | 66 women | mean age 59 +/- 5.9 years | treated with different antihypertensive drugs,aspirin | aspirin | aspirin | aspirin | vitamin E | aspirin | aspirin | aspirin | aspirin | aspirin,clinic and ambulatory blood pressure | blood pressure ( BP ) control | clinic and ambulatory systolic ( SBP ) and diastolic ( DBP ) BP | clinic BP | 24-h ambulatory BP monitoring | clinic SBP and DBP | Ambulatory SBP and DBP | BP
rule_based,10934569,Not Found,Not Found,Not Found,children | pervasive developmental disorder | Young children | pervasive developmental disorder | 7 | autism | 8 | pervasive developmental disorder not otherwise specified -- NOS | 7 with autism | 6 with pervasive developmental disorder NOS | Children | pervasive developmental disorder,intensive early intervention | intensive treatment | parent training . | intensive treatment | parent training | parent training . | intensive treatment | parent training,intelligence | visual-spatial skills | language | academics | adaptive functioning | behavior problems .
rule_based,10940525,Not Found,controlled,prevention rate,"dogs and cats presented as veterinary patients in North America . | dogs and cats | dogs and cats showing signs of flea allergy dermatitis ( FAD ) . | Dogs and cats with naturally occurring flea infestations , some of which also had signs associated with FAD | 220 dogs , 189 cats | dogs and cats diagnosed clinically with FAD . | 397 dogs free of adult heartworm infection from four heartworm-endemic areas of the USA | 673 dogs and 347 cats | 19 purebred or crossbred Collies ( Bearded , Border , and unspecified ) . | dogs and cats | dogs and cats .",selamectin | selamectin | selamectin | selamectin | selamectin | fenthion | pyrethrins | Selamectin | selamectin-treated | Selamectin | selamectin | ivermectin | Selamectin | Selamectin | selamectin | Selamectin,Efficacy | safety | efficacy | safety | flea comb counts | clinical evaluations of FAD | mean flea counts | mean flea counts | mean flea counts | mean flea counts | heartworm prevention rate | adverse events . | effective | signs associated with FAD . | heartworms | safe
rule_based,11099086,13 patients,50 mg | 10 mg | placebo,Not Found,acute invasive diarrhea | children | children . | acute invasive diarrhea | infants and children | 201 | children ages 6 months to 10 years ( 35 % < 1 year ; 70 % < 3 years ) presenting with acute invasive diarrhea at the Pediatric Emergency Room | ambulatory pediatric patients requiring an emergency room visit .,ciprofloxacin | ceftriaxone | ceftriaxone | ciprofloxacin | ciprofloxacin | ceftriaxone | ciprofloxacin | ceftriaxone | ciprofloxacin | ciprofloxacin | ceftriaxone | ciprofloxacin | ceftriaxone,"efficacy | safety | Stool cultures for Shigella , Salmonella , Campylobacter spp . and diarrheagenic Escherichia coli | Clinical response and safety | Clinical cure or improvement | adverse events | Joint examination | safe | effective"
rule_based,11229858,Not Found,Not Found,Not Found,children | malaria | children | malaria | malaria .,antipyretic drugs | antipyretics | naproxen | metamizol | Antipyretic,reduction of fever peaks . | fever clearance
rule_based,1131298,Not Found,Not Found,Not Found,10 healthy subjects,essential oils of garlic and onion | garlic and onion | garlic or onion | essential oils | Garlic and onion | garlic | onion . | garlic and onion,serum cholesterol and plasma fibrinogen | coagulation time | fibrinolytic activity . | effects
rule_based,11317090,Not Found,Not Found,Depression,persons with osteoarthritis . | 249 adults from Washington State aged 55 to 75 | doctor-confirmed diagnosis of osteoarthritis,aquatic exercise | aquatic exercise classes | aquatic classes . | aquatic classes . | Aquatic exercisers | Aquatic exercise | aquatic exercise .,"Economic evaluation | cost | outcomes | Cost per quality-adjusted life year ( QALY ) | cost/QALY | Quality of Well-Being Scale ( QWB ) | Current Health Desirability Rating ( CHDR ) | arthritis-specific Health Assessment Questionnaire ( HAQ ) , Center for Epidemiologic Studies-Depression Scale ( CES-D ) | Perceived Quality of Life Scale ( PQOL ) | QALYs . Use of health care facilities | Medicare reimbursement rates | costs/QALY ratios | ( QWB ) | ( CHDR , HAQ , PQOL ) | Costs/QALY | QWB | CHRD . | QALY"
rule_based,11381289,Not Found,Not Found,in blood pressure,patients at high risk for cardiovascular events .,ramipril | angiotensin-converting enzyme ( ACE ) inhibitor | ramipril | vitamin E | ACE inhibitor,"rates of death , myocardial infarction , stroke , coronary revascularization , cardiac arrest and heart failure | risk of diabetes-related complications and of diabetes itself ."
rule_based,11401641,patients with primary open angle glaucoma  | patients with combined treatment  | patients with open angle glaucoma or ocular hypertension where IOP is not adequately controlled with timolol  | 53 patients,5 mg | controlled,Not Found,"patients insufficiently controlled on timolol . | patients with open angle glaucoma or ocular hypertension where IOP is not adequately controlled with timolol . | 53 patients with primary open angle glaucoma , capsular glaucoma , or ocular hypertension with an IOP of at least 21 mmHg on current therapy",timolol | latanoprost | latanoprost | timolol | timolol | timolol | timolol | latanoprost | latanoprost | timolol .,IOP-reducing | intraocular pressure ( IOP ) | IOP | IOP | IOP | IOP | IOP | IOP
rule_based,11454878,Patients with measurable and assessable disease were randomized to receive either PLD 50 mg/m ( 2 ) as a 1-hour infusion every 4 weeks or topotecan 1 | 474 patients | patients with epithelial ovarian carcinoma that recurred after or did n't respond to first-line ,1.5 mg | 50 mg,Not Found,"patients with epithelial ovarian carcinoma that recurred after or did n't respond to first-line , platinum-based chemotherapy . | Patients with measurable and assessable disease | 474",pegylated liposomal doxorubicin | topotecan . | pegylated liposomal doxorubicin ( PLD ) | topotecan | PLD | topotecan | PLD | topotecan | PLD | topotecan | PLD | topotecan | PLD | PLD | topotecan . | PLD | topotecan | topotecan | topotecan | PLD,efficacy | safety | overall progression-free survival rates | overall response rates | Median overall survival times | overall survival | Severe hematologic toxicity | efficacy | safety
rule_based,11495215,Not Found,Not Found,heart rate | blood pressure | diastolic blood pressure | Heart rate,"Sixty healthy women , half of whom had been using OCs for at least the previous 6 months | two thirds were smokers | One third were nonsmokers .",Oral contraceptive | oral contraceptives ( OCs ) | nicotine | nicotine | OC | nicotine | OC | nicotine | nicotine | OC,"cardiovascular reactivity | cardiovascular and lipid reactivity . | Heart rate , blood pressure , and lipid measures | heart rate and diastolic blood pressure reactivity | cardiovascular or lipid stress reactivity | cardiovascular reactivity"
rule_based,11642083,29 patients | males with Q-MI entered the study  | 106 males | 30 patients,Holter monitoring,Not Found,myocardial infarction | patients on thrombolytic therapy ( TLT ) . | 106 males | Q-MI,Neoton | thrombolytic therapy | neoton | thrombolytic therapy ( TLT ) | TLT | neoton | TLT | streptokinase | streptokinase preparations | neoton . | neoton | neoton | Neoton,"systolic function of the left ventricle , arrhythmia and clinical symptoms | Left ventricular systolic function | arrhythmia | systolic and diastolic volumes | left ventricular systolic dysfunction"
rule_based,11737955,Not Found,200 mg | 100 mg | 2 mg | placebo,Not Found,the 60-year-old | older adults ( 60 ( SE 1 ) years ; BMI 26 ( SE 1 ) kg/m ( 2 ) ) | 60-year-old subjects,Antioxidant supplementation | antipyrine | antioxidant supplementation | dl-alpha-tocopheryl acetate | ascorbic acid | beta-carotene | placebo | Antipyrine | antioxidant supplementation,para- and ortho-hydroxyantipyrine to antipyrine . | thiobarbituric acid reactive substances in plasma . | free radical products of antipyrine .
rule_based,11750293,22 patients | patients with recently diagnosed rheumatoid arthritis ( RA ) and to investigate predictors of depression  | patients with a history of recently diagnosed RA of less than 2 years were assessed on a variety of clinical outcome and process measures on six assessment occasions over a 21-month period ,controlled,initial level | depression,recent onset rheumatoid arthritis : | patients with recently diagnosed rheumatoid arthritis ( RA ) | Twenty-two patients with a history of recently diagnosed RA of less than 2 years | 22 patients,standard outpatient clinic treatment,"disability | illness perceptions | pain | coping | depression . | clinical outcome and process measures | predict depression | depression , disability , pain , beliefs about the consequences of arthritis and coping strategies ."
rule_based,11829043,Not Found,Not Found,WHOQoL score | anxiety | Life Index | STAI score | anxiety level | Anxiety,patients after stoma surgery . Eighteen patients who had undergone stoma surgery | patients after stoma surgery .,progressive muscle relaxation training | progressive muscle relaxation training ( PMRT ) | PMRT,"anxiety level and self-reported quality of life ( QoL ) | Chinese State-Trait Anxiety Inventory ( C-STAI ) , the Quality of Life Index for Colostomy ( QoL-Colostomy ) and the Hong Kong Chinese version of the World Health Organisation Quality of Life Scale ( WHOQoL ) . | C-STAI score | WHOQoL score | WHOQoL | QoL | QoL-Colostomy | quality of life | anxiety"
rule_based,11891832,44 patients | patients with inclusion body myositis in a randomized double-blind placebo-controlled study over 48 weeks ,20mg | controlled | placebo,sum scores | scale scores,inclusion body myositis | 44 patients with inclusion body myositis,methotrexate | placebo . | methotrexate | methotrexate | placebo | methotrexate | methotrexate,"weakness progression | disease progression | Mean change of quantitative muscle strength testing sum scores | Quantitative muscle strength testing sum scores | manual muscle testing sum scores , activity scale scores and patients ' own assessments | Serum creatine kinase activity | progression of muscle weakness | serum creatine kinase activity ."
rule_based,12139812,208 patients,Not Found,Not Found,pterygium | pterygium . | 208 patients | initial pterygium,[ Limbal epithelial autograft transplantation | limbal epithelial autograft transplantation | pterygium excision | excision of pterygium | limbal epithelial autograft transplantation surgery | simple pterygium excision | limbal epithelial autograft transplantation,epithelial healing | abnormal proliferation of pterygium-like tissue .
rule_based,12477021,Not Found,measurement devices,closest level | the level,Thirty-five university students were assessed,Reichert AT550 : | Reichert AT550 . | Reichert Xpert Plus | Goldmann applanation tonometer | Perkins tonometer . | AT550 NCT | Goldmann tonometer | AT550 NCT | Goldmann tonometry,Clinical performance | level of accuracy | measurements | IOP
rule_based,12576806,2 patients | 26 patients | patients with primary ureteropelvic junction obstruction were randomized to undergo 7/14Fr internal endopyelotomy stent placement for 2 ( group 1 ) and 4 ( group 2 ) weeks ,Not Found,filtration rate,57 | patients with primary ureteropelvic junction obstruction,stenting | Internal stenting | stenting | 7/14Fr internal endopyelotomy stent placement,optimum duration of stenting | symptoms | ipsilateral glomerular filtration rate . | drainage pattern . | Stent related symptoms | urinary tract infections | duration | stent related complications .
rule_based,12586799,patients with 1992 American Joint Committee on Cancer stage III to IV ( M0 ) NPC were randomly allocated into two arms  | patients with advanced NPC  | 284 patients | patients with advanced NPC in endemic areas ,400 mg | 20 mg,Not Found,advanced nasopharyngeal carcinoma : | patients with advanced NPC . | From December 1993 to April 1999 | 284 patients with 1992 American Joint Committee on Cancer stage III to IV ( M0 ) NPC | patients with advanced NPC,concurrent chemoradiotherapy | radiotherapy | concurrent chemoradiotherapy ( CCRT ) | radiotherapy ( RT ) | chemotherapy | cisplatin | fluorouracil | CCRT | RT-alone | CCRT | RT-only | CCRT | RT-only | CCRT | CCRT | RT,overall and progression-free survival . | Survival analysis | tumor relapse | 5-year overall survival rates | 5-year progression-free survival rates | toxicity | leukopenia | emesis | treatment-related deaths
rule_based,12595499,Not Found,2.3 mg | placebo,Not Found,people at high cardiovascular risk | people with diabetes | 7674 participants with albuminuria data at baseline and at follow-up | nondiabetic and in diabetic people .,ramipril 's | placebo | Ramipril | Ramipril,clinical proteinuria | progression of albuminuria | microalbuminuria | clinical proteinuria . | progression | albuminuria . | progression of albuminuria .
rule_based,12709693,50 patients,0.05 mg,heart rate | depression | recovery level | bispectral index | intensity score | MPADS score | NRS score,outpatient colonoscopy . | 100 adult patients,remifentanil | propofol | fentanyl | midazolam | propofol | remifentanil | propofol | midazolam | fentanyl | propofol | remifentanil | propofol | fentanyl | midazolam | propofol | remifentanil | propofol,Cardiorespiratory parameters | bispectral index | Numerical Pain Rating Scale ( NRS ) | recovery level | return of psychomotor efficiency | Aldrete scale | Modified Post Anesthesia Discharge Scoring ( MPADS ) system | pain intensity score | maximum MPADS score | mean arterial pressure and heart rate and signs of respiratory depression | analgesia | hemodynamic stability | respiratory depression | rapid recovery
rule_based,1286547,patients with borderline hypertension were randomly allocated to placebo or nitrendipine treatment  | patients with borderline hypertension  | patients with IDDM-type diabetes mellitus ,controlled | 20 mg | placebo,plasma levels,borderline hypertensive patients with IDDM-type diabetes mellitus . Twenty-nine IDDM patients with borderline hypertension | diabetic patients with borderline hypertension .,dihydropyridine calcium channel blocker | nitrendipine | placebo | nitrendipine | Nitrendipine | placebo | nitrendipine | nitrendipine | nitrendipine,platelet thromboxane formation | Stimulated platelet thromboxane formation | plasma levels of platelet factor 4 and aggregation responses to collagen and ADP | thromboxane formation | Exercise induced change of thromboxane synthesis | PF4 plasma levels | Whole blood aggregation after collagen stimulation | aggregation | collagen dependent platelet activation
rule_based,12960652,21 patients,Not Found,Not Found,"infants | gastrointestinal diseases | infants with different gastrointestinal diseases | 21 patients | age 0-2 months | 40 healthy infants | age 0-2 months | patients suffered from partial or total intestinal obstruction , necrotizing enterocolitis or pyloric stenosis.All infants were fasting",epigastric impedance | Epigastric impedance | epigastric impedance | epigastric impedance,epigastric impedance | phasic activity | frequency phasic activity | phasic activity
rule_based,1459268,Not Found,Not Found,Not Found,in vitro fertilization ( IVF ) | Forty-eight patients having IVF for the first time | undergoing IVF,gonadotropin-releasing hormone agonist | gonadotropin-releasing hormone agonist ( GnRH-a ) | GnRH-a .,"usefulness | Response to ovarian stimulation and occurrence of spontaneous luteinizing hormone ( LH ) surges . | ovulation induction , fertilization , and pregnancy rates | LH surge ."
rule_based,14679127,patients with advanced epithelial ovarian cancer who had failed one prior platinum-based regimen  | 226 patients | Patients with bidimensionally measurable disease were randomised to topotecan ( 1,1.5 mg | 175 mg,survival rate,advanced epithelial ovarian carcinoma . | patients with advanced epithelial ovarian cancer who had failed one prior platinum-based regimen . | Patients with bidimensionally measurable disease | 226 | ovarian cancer .,topotecan | paclitaxel | topotecan | paclitaxel | topotecan | paclitaxel | topotecan | paclitaxel | topotecan | paclitaxel | Topotecan | paclitaxel | topotecan,European Organisation for Research and Treatment of Cancer Quality of Life ( EORTC QOL ) -C30 questionnaire | pain | anorexia | diarrhoea | fatigue | nausea | vomiting | dyspnea | constipation | insomnia | progression | median survival | efficacy | survival | haematological toxicity . Non-haematological toxicity
rule_based,14739125,subjects with low HDL ,120 mg | placebo,drug levels | levels,healthy young | Five groups of 8 subjects each,torcetrapib . | cholesteryl ester transfer protein ( CETP ) inhibitor torcetrapib | placebo | torcetrapib | Torcetrapib,plasma drug levels | Total plasma cholesterol | nonHDL-C | low-density lipoprotein cholesterol | Apolipoprotein A-I and E | apoB | Cholesteryl ester content | triglyceride
rule_based,14763035,patients with LVH  | patients with LVH [ left ventricular mass index ( LVMi ) > 110 g/m2 for women and LVMi > 137 g/m2 for men ] were randomized to 12 months ' administration of either the ARB valsartan ( n = 14 ) or a placebo ( n = 10 ) ,placebo,mass index | target blood pressure | augmentation index,left ventricular hypertrophy | patients on continuous ambulatory peritoneal dialysis ( CAPD ) . | 24 CAPD patients with LVH [ left ventricular mass index ( LVMi ) > 110 g/m2 for women | LVMi > 137 g/m2 for men,Valsartan | selective angiotensin II receptor blocker ( ARB ) | ARB valsartan | placebo | ARB . | ARB | placebo | ARB,"blood pressure ( BP ) | aortic and large-artery compliance | arterial wave reflections [ pulse wave velocity ( PWV ) | augmentation index ( AI ) application tonometry ] | cardiac echocardiography . | body weight , BP ( mercury sphygmomanometer ) , serum creatinine , electrolytes , complete blood cell counts , urine volume , drainage volume , and weekly creatinine clearance . | Systolic and diastolic BP | LVMi | LVMi | PWV | AI | LVMi"
rule_based,15014018,2000 patients | 713 patients | patients with stage IIB and III melanoma have participated in four multicenter  | patients with high-risk resected melanoma ,Not Found,Not Found,Nearly 2000 patients with stage IIB and III melanoma | patients with high-risk resected melanoma,interferon | IFN-alpha 2b | IFN-alpha 2b ( HDI ) | Obs | HDI | Obs | HDI | Obs,relapse-free survival ( RFS ) | overall survival ( OS ) | RFS | OS | RFS | OS
rule_based,15133359,18 patients | 16 patients,0.0 ml | 3.4 ml,Not Found,biventricular implantation | Thirty-four consecutive patients,catheters | guiding catheter alone | GCA | electrophysiology catheter advanced | electrophysiology catheter aided | EPA | GCA | GCA | EPA | EPA | GCA | EPA | GCA | EPA | GCA,"CS cannulation time | Time to successful catheterization of CS | Fluoroscopy time | contrast dye volume | procedural time , fluoroscopy time | contrast dye volume"
rule_based,15193668,Not Found,Not Found,Not Found,peers | peers | child with autism . Children | 576 | M age = 10.06 | children 's,descriptive ( AUT-D ) | descriptive and explanatory information ( AUT-D + E ) . | descriptive and explanatory information,peers ' perceptions | peers ' perceptions | behavioral intentions | ( Adjective Checklist ) | ( Shared Activities Questionnaire ) | children 's attitudes | behavioral intentions
rule_based,15358868,Not Found,Not Found,Not Found,adults with autism . | adults with autism . | adults with autism,,searching for targets . | visual search performance | visual discrimination ability . | unique item detection
rule_based,15848261,Not Found,Not Found,clinical scores,stroke patients ] | post-acute hemiparetic patients | Twenty-six patients within 3 months of onset of stroke,conventional physical therapy alone | specialised balance retraining program | physical therapy | therapy and retraining | conventional therapy | therapy | standing balance training by biofeedback ( BPM Monitor ) | conventional therapy .,gait improvement | Gait spatiotemporal parameters | clinical scores | time between stroke and the beginning of walking | Gait velocity | walking pattern | duration of the paretic limb single stance . | duration of the reception double stance on the paretic limb
rule_based,15854186,98 patients,controlled | placebo,Not Found,flexible nasendoscopy : | 98 patients | flexible nasendoscopy . | flexible nasendoscopy .,Cophenylcaine | placebo | cophenylcaine | placebo | cophenylcaine | cophenylcaine,"pain , unpleasantness of taste and overall discomfort experienced . | pain and discomfort | pain or overall discomfort | sensation of bad taste | unpleasantness | pain | unpleasantness of taste ."
rule_based,15858959,Not Found,250 mg | controlled | placebo,Not Found,children | acute diarrhoea | children with acute diarrhoea . | Two hundred children | acute diarrhoea in children,Saccharomyces boulardii | Saccharomyces boulardii . | S. boulardii | S. boulardii | S. boulardii | placebo | placebo | S. boulardii | placebo | S. boulardii | placebo | S. boulardii | S. boulardii | placebo | placebo | S. boulardii | S. boulardii | S. boulardii,average stool frequency | duration of diarrhoea | duration of hospital stay | duration of acute diarrhoea | duration of hospital stay
rule_based,16167234,Not Found,Not Found,fatigue score | serum level | fatigue scores,after digestive surgery ] | digestive surgery patients . | Forty patients who underwent digestive surgery | digestive surgery patients .,amino acid enriched formula | branch chain amino acid ( BCAA ) enriched formula | BCAA enriched | routine amino acid | BCAA | BCAA-enriched | BCAA enriched formula,"postoperative fatigue | nutritional status | nutritional status | postoperative fatigue | Nitrogen balance , serum total protein , albumin , prealbumin , transferrin , retinol binding protein and postoperative fatigue score | cumulative postoperative fatigue scores | nitrogen balance | cumulative nitrogen balance | serum total protein , albumin , prealbumin , transferrin | serum level of retinol binding protein | postoperative fatigue score | nutritional status"
rule_based,16295154,Not Found,the usual care | of usual care,distress,parents of children | autistic spectrum disorder | Parents of children | diagnosis of autistic spectrum disorder ( ASD ) | parents of children with ASD,"Intervention | nursing intervention | post-diagnosis nursing intervention | usual care | contact with a pediatric nurse practitioner ( PNP ) for counseling , instruction , and assistance with implementation of the recommended treatment plan | usual care | consultation session to receive the results of diagnostic tests and a written copy of the recommended treatment plan","parents ' reports of stress | impact of event ( diagnosis ) | use of services | "" impact of event "" | "" perceived stress """
rule_based,16427787,Not Found,a music | controlled | placebo,Not Found,human,melatonin | melatonin | Melatonin | placebo | melatonin | melatonin | melatonin | melatonin,effects | task-related activity | subjective measurements of fatigue . | activation in the left parahippocampus | brain activity | fatigue
rule_based,16505427,patients with cancer  | patients with cancer-associated anemia ,Not Found,Hb levels,anemic patients with cancer . | patients with cancer-associated anemia . | Three hundred sixty-five patients,erythropoietin | epoetin alfa | epoetin alfa | epoetin alfa | epoetin alfa | epoetin alfa | epoetin alfa | epoetin alfa .,requiring transfusions | hemoglobin ( Hb ) increment | drug dose | Hb | Hb | Toxicities | thromboembolism | overall survival | global quality of life ( QOL ) | global QOL | QOL | transfusion needs | QOL . | Hb increment
rule_based,1669598,5 patients | 2 patients | 10 patients | patients with asthma due to HDM were studied in a blind fashion ,40 mg | placebo,symptoms score | side effects,10 patients with asthma due to HDM,immunotherapy | immunotherapy | local immunotherapy | powder extract of house dust mite ( HDM ) | parenteral immunotherapy ( PI ) | placebo | lactose | disodium cromoglycate ( DSCG ),efficacy | tolerability | symptoms score | peak expiratory flow ( PEF ) -derived parameters | bronchial response | bronchial responsiveness | immunologic humoral and cellular parameters in peripheral blood | local important adverse reactions | systemic side effects | systemic side effects .
rule_based,17293018,patients with CDAD to demonstrate the safety of consuming anti-CD WPC to prevent relapse of the infection  | patients with C | 77 patients | patients with CDAD ,event monitoring,Not Found,patients with C. difficile-associated diarrhea ( CDAD ) | 77 patients with CDAD | patients with CDAD . | individuals with CDAD,whey protein concentrate | whey protein concentrate | immunized against Clostridium difficile ( C. | anti-C. difficile whey protein concentrate ( anti-CD WPC ) | anti-CD WPC | regular whey protein concentrate . | anti-CD WPC | anti-CD WPC | anti-CD WPC,safe | safe
rule_based,17321989,patients with acute myeloid leukemia ( AML ) or myelodysplastic syndromes ( MDS ) during and after chemotherapy  | patients with AML or MDS who received chemotherapy and that the efficacy of itraconazole for prophylaxis against systemic fungal disease is not inferior to that of fluconazole  | 9 patients | patients with neutrophil counts of > 0 | patients with MDS or in the remission-induction phase of chemotherapy  | patients with acute myeloid leukemia and myelodysplastic syndromes : a Japanese multicenter randomized  | patients with AML or in the consolidation phase of therapy  | 7 patients,controlled,Not Found,patients with acute myeloid leukemia and myelodysplastic syndromes : | Japanese | patients with acute myeloid leukemia ( AML ) or myelodysplastic syndromes ( MDS ) during and after chemotherapy . | patients with AML or MDS who received chemotherapy,itraconazole | fluconazole | fluconazole | itraconazole | itraconazole | fluconazole,Adverse events | probable or possible infections | frequency of infection
rule_based,17616069,50 women | women with clinical and lab signs of postpartal anemia ,500 mg | the monitoring,Not Found,postpartum | Prague | Prague | 50 women | clinical and lab signs of postpartal anemia,trivalent ferrum preparation ] | trivalent ferrum preparation . | sacharose ferric oxide ( Venofer ) | Venofer | trivalent saccharose ferric oxide,effectivity | safeness | values of red blood count | serum values of soluble transferrin receptors and ferritin | iron cell saturation | body iron reserves | adverse events | effective | serious adverse event
zero_shot_flan_t5,10070173,patients,budesonide,quality of life,seasonal allergic rhinitis . | Two hundred and eighty-four out-patients | SAR | symptomatic during the ragweed season | 243 | SAR .,budesonide Turbuhaler | budesonide aqua | budesonide Turbuhaler | budesonide aqua | budesonide . | Turbuhaler | Turbuhaler | aqua spray | budesonide aqua | budesonide Turbuhaler | budesonide powder | Turbuhaler | aqua,patients ' preferences | quality of life . | Mean daily nasal symptom scores | eye symptoms . | nasal and non-nasal adverse events | epistaxis | headache . | nasal irritation | quality of life | safe | efficacious
zero_shot_flan_t5,10390665,paediatric patients,granisetron or perphenazine,anti-emetic efficacy of granisetron compared with perphenazine,children . | tonsillectomy with or without adenoidectomy | children | 90 paediatric patients | ASA I | aged 4-10 years | children undergoing general anaesthesia for tonsillectomy,granisetron | perphenazine | granisetron | perphenazine | granisetron | perphenazine | granisetron | perphenazine | granisetron | perphenazine,"Anti-emetic efficacy | prevention | efficacy | complete response , defined as no emesis with no need for another rescue antiemetic | corresponding incidence | adverse events | long-term prevention | post-operative vomiting"
zero_shot_flan_t5,10475150,patients with primary hypothyroidism,somatostatin,nocturnal melat,healthy volunteers and in patients with primary hypothyroidism . | 8 healthy volunteers | 6 women | untreated primary hypothyroidism | healthy volunteers | patients with hypothyroidism | normal subjects and in patients with primary hypothyroidism,somatostatin ( octreotide ) | Somatostatin | somatostatin | saline | octreotide ( Sandostatin ; | octreotide | saline . | octreotide | octreotide | saline ; | octreotide | saline . | octreotide | octreotide | saline ; | octreotide | somatostatin . | somatostatin | octreotide | somatostatin,melatonin secretion | melatonin secretion . | melatonin secretion | nocturnal melatonin secretion | melatonin secretion | urinary excretion of melatonin | GH secretion | nocturnal melatonin secretion | Urinary excretion of melatonin | total nocturnal secretion of TSH | nocturnal secretion and urinary excretion of melatonin
zero_shot_flan_t5,10578479,women,soy intake,menstrual function or serum sex hormones,premenopausal women . | 36 premenopausal women | 20 | used OC | premenopausal OC | non-OC users .,soy | soy | soy | soy | soy beverage | soy | soy,"sex hormone metabolism | sex hormone metabolism | serum estrone , estradiol , sex hormone-binding globulin , dehydroepiandrosterone sulfate , prolactin , or progesterone concentrations | menstrual cycle length or the urinary estrogen metabolite ratio of 2-hydroxyestrone to 16 alpha-hydroxyestrone | urinary estrogen metabolites | menstrual cycle , serum sex hormones , or urinary estrogen metabolite ratio"
zero_shot_flan_t5,10589810,periodontal patients,root instrumentation,Clinical effects of root instrumentation,40 subjects | 20 | 20,plastic curettes | conventional steel curettes | conventional steel curettes | plastic curettes | non-root substance removing curettes,Clinical effects | clinical effects | bleeding on probing ( BOP ) and probing pocket depth ( PPD ) | BOP percentage | BOP and PPD | BOP percentage | BOP | BOP
zero_shot_flan_t5,10763172,inpatients,xylometazoline and dexpanthenol,efficacy and tolerability of an application-form of the new combination of Xylometazoline with Dexpanthenol,after nose surgery | 61 inpatients with the diagnosis Rhinitis following nasal operation | patients following nasal operations | rhinitis following nasal operation,xylometazoline | dexpanthenol ] | Xylometazoline | Dexpanthenol ( Nasic ) | Xylometazoline | verum | placebo | Xylometazoline-Dexpanthenol | Xylometazoline | Xylometazoline-Dexpanthenol | Xylometazoline,wound healing | efficacy | tolerability | nasal-breathing-resistance according to scores | efficacy | tolerability | compliance | improvement | efficacy | tolerability
zero_shot_flan_t5,10764172,Forty patients,"intrathecal 0.5 mg morphine ( Group IT0.5 ) , intrathecal 0.1 mg morphine ( Group IT0.1 ) or 10 mg morphine i.v. ( Group IV )",NK cell activation,underwent hysterectomy | Forty patients were divided into four groups of ten .,morphine | morphine | morphine | morphine | morphine | morphine,NK cell activity | natural killer ( NK ) cell activity | postoperative pain score and side effects | NK cell activity | NK cell activities | plasma adrenaline | noradrenaline concentrations | plasma cortisol levels | pain score
zero_shot_flan_t5,10912743,hypertensive patients,low-dose aspirin,clinical and ambulatory blood pressure,treated hypertensive patients . | hypertensive patients receiving drug treatment | people with one or more cardiovascular risk factors . | hypertension | 142 hypertensive | 76 men | 66 women | mean age 59 +/- 5.9 years | treated with different antihypertensive drugs,aspirin | aspirin | aspirin | aspirin | vitamin E | aspirin | aspirin | aspirin | aspirin | aspirin,clinic and ambulatory blood pressure | blood pressure ( BP ) control | clinic and ambulatory systolic ( SBP ) and diastolic ( DBP ) BP | clinic BP | 24-h ambulatory BP monitoring | clinic SBP and DBP | Ambulatory SBP and DBP | BP
zero_shot_flan_t5,10934569,children with pervasive developmental disorder,intensive treatment or parent training,children with pervasive developmental disorder,children | pervasive developmental disorder | Young children | pervasive developmental disorder | 7 | autism | 8 | pervasive developmental disorder not otherwise specified -- NOS | 7 with autism | 6 with pervasive developmental disorder NOS | Children | pervasive developmental disorder,intensive early intervention | intensive treatment | parent training . | intensive treatment | parent training | parent training . | intensive treatment | parent training,intelligence | visual-spatial skills | language | academics | adaptive functioning | behavior problems .
zero_shot_flan_t5,10940525,veterinary patients,selamectin,beneficial effect of selamectin treatment,"dogs and cats presented as veterinary patients in North America . | dogs and cats | dogs and cats showing signs of flea allergy dermatitis ( FAD ) . | Dogs and cats with naturally occurring flea infestations , some of which also had signs associated with FAD | 220 dogs , 189 cats | dogs and cats diagnosed clinically with FAD . | 397 dogs free of adult heartworm infection from four heartworm-endemic areas of the USA | 673 dogs and 347 cats | 19 purebred or crossbred Collies ( Bearded , Border , and unspecified ) . | dogs and cats | dogs and cats .",selamectin | selamectin | selamectin | selamectin | selamectin | fenthion | pyrethrins | Selamectin | selamectin-treated | Selamectin | selamectin | ivermectin | Selamectin | Selamectin | selamectin | Selamectin,Efficacy | safety | efficacy | safety | flea comb counts | clinical evaluations of FAD | mean flea counts | mean flea counts | mean flea counts | mean flea counts | heartworm prevention rate | adverse events . | effective | signs associated with FAD . | heartworms | safe
zero_shot_flan_t5,11099086,children,oral ciprofloxacin or intramuscular ceftriaxone,Acute invasive diarrhea requiring an emergency visit in southern Israel .,acute invasive diarrhea | children | children . | acute invasive diarrhea | infants and children | 201 | children ages 6 months to 10 years ( 35 % < 1 year ; 70 % < 3 years ) presenting with acute invasive diarrhea at the Pediatric Emergency Room | ambulatory pediatric patients requiring an emergency room visit .,ciprofloxacin | ceftriaxone | ceftriaxone | ciprofloxacin | ciprofloxacin | ceftriaxone | ciprofloxacin | ceftriaxone | ciprofloxacin | ciprofloxacin | ceftriaxone | ciprofloxacin | ceftriaxone,"efficacy | safety | Stool cultures for Shigella , Salmonella , Campylobacter spp . and diarrheagenic Escherichia coli | Clinical response and safety | Clinical cure or improvement | adverse events | Joint examination | safe | effective"
zero_shot_flan_t5,11229858,children with malaria,antipyretic drugs,fever peaks,children | malaria | children | malaria | malaria .,antipyretic drugs | antipyretics | naproxen | metamizol | Antipyretic,reduction of fever peaks . | fever clearance
zero_shot_flan_t5,1131298,10 healthy subjects,Garlic and onion,Obesity and hyperlipemia,10 healthy subjects,essential oils of garlic and onion | garlic and onion | garlic or onion | essential oils | Garlic and onion | garlic | onion . | garlic and onion,serum cholesterol and plasma fibrinogen | coagulation time | fibrinolytic activity . | effects
zero_shot_flan_t5,11317090,persons with osteoarthritis,aquatic exercise,cost per quality-adjusted life year,persons with osteoarthritis . | 249 adults from Washington State aged 55 to 75 | doctor-confirmed diagnosis of osteoarthritis,aquatic exercise | aquatic exercise classes | aquatic classes . | aquatic classes . | Aquatic exercisers | Aquatic exercise | aquatic exercise .,"Economic evaluation | cost | outcomes | Cost per quality-adjusted life year ( QALY ) | cost/QALY | Quality of Well-Being Scale ( QWB ) | Current Health Desirability Rating ( CHDR ) | arthritis-specific Health Assessment Questionnaire ( HAQ ) , Center for Epidemiologic Studies-Depression Scale ( CES-D ) | Perceived Quality of Life Scale ( PQOL ) | QALYs . Use of health care facilities | Medicare reimbursement rates | costs/QALY ratios | ( QWB ) | ( CHDR , HAQ , PQOL ) | Costs/QALY | QWB | CHRD . | QALY"
zero_shot_flan_t5,11381289,patients at high risk for cardiovascular events,ramipril,Heart Outcomes Prevention Evaluation,patients at high risk for cardiovascular events .,ramipril | angiotensin-converting enzyme ( ACE ) inhibitor | ramipril | vitamin E | ACE inhibitor,"rates of death , myocardial infarction , stroke , coronary revascularization , cardiac arrest and heart failure | risk of diabetes-related complications and of diabetes itself ."
zero_shot_flan_t5,11401641,53 patients,latanoprost,Intraocular pressure ( IOP ),"patients insufficiently controlled on timolol . | patients with open angle glaucoma or ocular hypertension where IOP is not adequately controlled with timolol . | 53 patients with primary open angle glaucoma , capsular glaucoma , or ocular hypertension with an IOP of at least 21 mmHg on current therapy",timolol | latanoprost | latanoprost | timolol | timolol | timolol | timolol | latanoprost | latanoprost | timolol .,IOP-reducing | intraocular pressure ( IOP ) | IOP | IOP | IOP | IOP | IOP | IOP
zero_shot_flan_t5,11454878,patients with measurable and assessable disease,pegylated liposomal doxorubicin,efficacy and safety,"patients with epithelial ovarian carcinoma that recurred after or did n't respond to first-line , platinum-based chemotherapy . | Patients with measurable and assessable disease | 474",pegylated liposomal doxorubicin | topotecan . | pegylated liposomal doxorubicin ( PLD ) | topotecan | PLD | topotecan | PLD | topotecan | PLD | topotecan | PLD | topotecan | PLD | PLD | topotecan . | PLD | topotecan | topotecan | topotecan | PLD,efficacy | safety | overall progression-free survival rates | overall response rates | Median overall survival times | overall survival | Severe hematologic toxicity | efficacy | safety
zero_shot_flan_t5,11495215,nonsmokers,oral contraceptives,cardiovascular reactivity,"Sixty healthy women , half of whom had been using OCs for at least the previous 6 months | two thirds were smokers | One third were nonsmokers .",Oral contraceptive | oral contraceptives ( OCs ) | nicotine | nicotine | OC | nicotine | OC | nicotine | nicotine | OC,"cardiovascular reactivity | cardiovascular and lipid reactivity . | Heart rate , blood pressure , and lipid measures | heart rate and diastolic blood pressure reactivity | cardiovascular or lipid stress reactivity | cardiovascular reactivity"
zero_shot_flan_t5,11642083,males with Q-MI,neoton,"systolic function of the left ventricle, arrhythmia and clinical symptoms",myocardial infarction | patients on thrombolytic therapy ( TLT ) . | 106 males | Q-MI,Neoton | thrombolytic therapy | neoton | thrombolytic therapy ( TLT ) | TLT | neoton | TLT | streptokinase | streptokinase preparations | neoton . | neoton | neoton | Neoton,"systolic function of the left ventricle , arrhythmia and clinical symptoms | Left ventricular systolic function | arrhythmia | systolic and diastolic volumes | left ventricular systolic dysfunction"
zero_shot_flan_t5,11737955,older adults,antioxidant supplementation,antipyrine hydroxylates,the 60-year-old | older adults ( 60 ( SE 1 ) years ; BMI 26 ( SE 1 ) kg/m ( 2 ) ) | 60-year-old subjects,Antioxidant supplementation | antipyrine | antioxidant supplementation | dl-alpha-tocopheryl acetate | ascorbic acid | beta-carotene | placebo | Antipyrine | antioxidant supplementation,para- and ortho-hydroxyantipyrine to antipyrine . | thiobarbituric acid reactive substances in plasma . | free radical products of antipyrine .
zero_shot_flan_t5,11750293,Twenty-two patients with a history of recently diagnosed RA,depression,A variety of clinical out,recent onset rheumatoid arthritis : | patients with recently diagnosed rheumatoid arthritis ( RA ) | Twenty-two patients with a history of recently diagnosed RA of less than 2 years | 22 patients,standard outpatient clinic treatment,"disability | illness perceptions | pain | coping | depression . | clinical outcome and process measures | predict depression | depression , disability , pain , beliefs about the consequences of arthritis and coping strategies ."
zero_shot_flan_t5,11829043,patients who had undergone stoma surgery,progressive muscle relaxation training,anxiety level and self-reported QoL,patients after stoma surgery . Eighteen patients who had undergone stoma surgery | patients after stoma surgery .,progressive muscle relaxation training | progressive muscle relaxation training ( PMRT ) | PMRT,"anxiety level and self-reported quality of life ( QoL ) | Chinese State-Trait Anxiety Inventory ( C-STAI ) , the Quality of Life Index for Colostomy ( QoL-Colostomy ) and the Hong Kong Chinese version of the World Health Organisation Quality of Life Scale ( WHOQoL ) . | C-STAI score | WHOQoL score | WHOQoL | QoL | QoL-Colostomy | quality of life | anxiety"
zero_shot_flan_t5,11891832,44 patients,methotrexate,Mean change of quantitative muscle strength testing sum scores,inclusion body myositis | 44 patients with inclusion body myositis,methotrexate | placebo . | methotrexate | methotrexate | placebo | methotrexate | methotrexate,"weakness progression | disease progression | Mean change of quantitative muscle strength testing sum scores | Quantitative muscle strength testing sum scores | manual muscle testing sum scores , activity scale scores and patients ' own assessments | Serum creatine kinase activity | progression of muscle weakness | serum creatine kinase activity ."
zero_shot_flan_t5,12139812,208 patients ( 229 eyes ),limbal epithelial autograft transplantation,therapeutic effects of limbal epithelial autograft transplantation,pterygium | pterygium . | 208 patients | initial pterygium,[ Limbal epithelial autograft transplantation | limbal epithelial autograft transplantation | pterygium excision | excision of pterygium | limbal epithelial autograft transplantation surgery | simple pterygium excision | limbal epithelial autograft transplantation,epithelial healing | abnormal proliferation of pterygium-like tissue .
zero_shot_flan_t5,12477021,thirty-five university students,a new non-contact tonometer,Intra-ocular pressure,Thirty-five university students were assessed,Reichert AT550 : | Reichert AT550 . | Reichert Xpert Plus | Goldmann applanation tonometer | Perkins tonometer . | AT550 NCT | Goldmann tonometer | AT550 NCT | Goldmann tonometry,Clinical performance | level of accuracy | measurements | IOP
zero_shot_flan_t5,12576806,patients or participants,endopyelotomy,Endopyelotomy,57 | patients with primary ureteropelvic junction obstruction,stenting | Internal stenting | stenting | 7/14Fr internal endopyelotomy stent placement,optimum duration of stenting | symptoms | ipsilateral glomerular filtration rate . | drainage pattern . | Stent related symptoms | urinary tract infections | duration | stent related complications .
zero_shot_flan_t5,12586799,patients with advanced NPC,concurrent chemoradiotherapy,overall and progression-free survival,advanced nasopharyngeal carcinoma : | patients with advanced NPC . | From December 1993 to April 1999 | 284 patients with 1992 American Joint Committee on Cancer stage III to IV ( M0 ) NPC | patients with advanced NPC,concurrent chemoradiotherapy | radiotherapy | concurrent chemoradiotherapy ( CCRT ) | radiotherapy ( RT ) | chemotherapy | cisplatin | fluorouracil | CCRT | RT-alone | CCRT | RT-only | CCRT | RT-only | CCRT | CCRT | RT,overall and progression-free survival . | Survival analysis | tumor relapse | 5-year overall survival rates | 5-year progression-free survival rates | toxicity | leukopenia | emesis | treatment-related deaths
zero_shot_flan_t5,12595499,people at high cardiovascular risk,renal insufficiency,heart outcomes and prevention evaluation,people at high cardiovascular risk | people with diabetes | 7674 participants with albuminuria data at baseline and at follow-up | nondiabetic and in diabetic people .,ramipril 's | placebo | Ramipril | Ramipril,clinical proteinuria | progression of albuminuria | microalbuminuria | clinical proteinuria . | progression | albuminuria . | progression of albuminuria .
zero_shot_flan_t5,12709693,patients,analgesia/sedation with remifentanil and propofol,"Conscious analgesia/sedation with remifentanil and propofol versus total intravenous anesthesia with fentanyl , midazolam , and propofol",outpatient colonoscopy . | 100 adult patients,remifentanil | propofol | fentanyl | midazolam | propofol | remifentanil | propofol | midazolam | fentanyl | propofol | remifentanil | propofol | fentanyl | midazolam | propofol | remifentanil | propofol,Cardiorespiratory parameters | bispectral index | Numerical Pain Rating Scale ( NRS ) | recovery level | return of psychomotor efficiency | Aldrete scale | Modified Post Anesthesia Discharge Scoring ( MPADS ) system | pain intensity score | maximum MPADS score | mean arterial pressure and heart rate and signs of respiratory depression | analgesia | hemodynamic stability | respiratory depression | rapid recovery
zero_shot_flan_t5,1286547,patients with IDDM-type diabetes mellitus,nitrendipine,reduced platelet thromboxane formation,borderline hypertensive patients with IDDM-type diabetes mellitus . Twenty-nine IDDM patients with borderline hypertension | diabetic patients with borderline hypertension .,dihydropyridine calcium channel blocker | nitrendipine | placebo | nitrendipine | Nitrendipine | placebo | nitrendipine | nitrendipine | nitrendipine,platelet thromboxane formation | Stimulated platelet thromboxane formation | plasma levels of platelet factor 4 and aggregation responses to collagen and ADP | thromboxane formation | Exercise induced change of thromboxane synthesis | PF4 plasma levels | Whole blood aggregation after collagen stimulation | aggregation | collagen dependent platelet activation
zero_shot_flan_t5,12960652,infants,Epigastric impedance,dysrhythmia in infants with gastrointestinal diseases,"infants | gastrointestinal diseases | infants with different gastrointestinal diseases | 21 patients | age 0-2 months | 40 healthy infants | age 0-2 months | patients suffered from partial or total intestinal obstruction , necrotizing enterocolitis or pyloric stenosis.All infants were fasting",epigastric impedance | Epigastric impedance | epigastric impedance | epigastric impedance,epigastric impedance | phasic activity | frequency phasic activity | phasic activity
zero_shot_flan_t5,1459268,Aberdeen Assisted Reproduction Unit,short and ultrashort regimens of gonadotropin-releasing hormone agonist,ovulation induction in an in vitro fertilization program,in vitro fertilization ( IVF ) | Forty-eight patients having IVF for the first time | undergoing IVF,gonadotropin-releasing hormone agonist | gonadotropin-releasing hormone agonist ( GnRH-a ) | GnRH-a .,"usefulness | Response to ovarian stimulation and occurrence of spontaneous luteinizing hormone ( LH ) surges . | ovulation induction , fertilization , and pregnancy rates | LH surge ."
zero_shot_flan_t5,14679127,Patients with bidimensionally measurable,topotecan versus paclitaxel,Long-term survival,advanced epithelial ovarian carcinoma . | patients with advanced epithelial ovarian cancer who had failed one prior platinum-based regimen . | Patients with bidimensionally measurable disease | 226 | ovarian cancer .,topotecan | paclitaxel | topotecan | paclitaxel | topotecan | paclitaxel | topotecan | paclitaxel | topotecan | paclitaxel | Topotecan | paclitaxel | topotecan,European Organisation for Research and Treatment of Cancer Quality of Life ( EORTC QOL ) -C30 questionnaire | pain | anorexia | diarrhoea | fatigue | nausea | vomiting | dyspnea | constipation | insomnia | progression | median survival | efficacy | survival | haematological toxicity . Non-haematological toxicity
zero_shot_flan_t5,14739125,healthy young subjects,torcetrapib,HDL-C levels,healthy young | Five groups of 8 subjects each,torcetrapib . | cholesteryl ester transfer protein ( CETP ) inhibitor torcetrapib | placebo | torcetrapib | Torcetrapib,plasma drug levels | Total plasma cholesterol | nonHDL-C | low-density lipoprotein cholesterol | Apolipoprotein A-I and E | apoB | Cholesteryl ester content | triglyceride
zero_shot_flan_t5,14763035,24 CAPD patients with LVH,selective angiotensin receptor blocker,LVH [ left ventricular ma],left ventricular hypertrophy | patients on continuous ambulatory peritoneal dialysis ( CAPD ) . | 24 CAPD patients with LVH [ left ventricular mass index ( LVMi ) > 110 g/m2 for women | LVMi > 137 g/m2 for men,Valsartan | selective angiotensin II receptor blocker ( ARB ) | ARB valsartan | placebo | ARB . | ARB | placebo | ARB,"blood pressure ( BP ) | aortic and large-artery compliance | arterial wave reflections [ pulse wave velocity ( PWV ) | augmentation index ( AI ) application tonometry ] | cardiac echocardiography . | body weight , BP ( mercury sphygmomanometer ) , serum creatinine , electrolytes , complete blood cell counts , urine volume , drainage volume , and weekly creatinine clearance . | Systolic and diastolic BP | LVMi | LVMi | PWV | AI | LVMi"
zero_shot_flan_t5,15014018,patients with stage IIB and III melanoma,high-dose IFN-alpha 2b therapy,adjuvant high-dose IFN-alpha 2b therapy,Nearly 2000 patients with stage IIB and III melanoma | patients with high-risk resected melanoma,interferon | IFN-alpha 2b | IFN-alpha 2b ( HDI ) | Obs | HDI | Obs | HDI | Obs,relapse-free survival ( RFS ) | overall survival ( OS ) | RFS | OS | RFS | OS
zero_shot_flan_t5,15133359,a biomedical information extraction assistant,CS cannulation,CS cannulation,biventricular implantation | Thirty-four consecutive patients,catheters | guiding catheter alone | GCA | electrophysiology catheter advanced | electrophysiology catheter aided | EPA | GCA | GCA | EPA | EPA | GCA | EPA | GCA | EPA | GCA,"CS cannulation time | Time to successful catheterization of CS | Fluoroscopy time | contrast dye volume | procedural time , fluoroscopy time | contrast dye volume"
zero_shot_flan_t5,15193668,children,AUT-D,behavioral intentions toward an unfamiliar child with autism,peers | peers | child with autism . Children | 576 | M age = 10.06 | children 's,descriptive ( AUT-D ) | descriptive and explanatory information ( AUT-D + E ) . | descriptive and explanatory information,peers ' perceptions | peers ' perceptions | behavioral intentions | ( Adjective Checklist ) | ( Shared Activities Questionnaire ) | children 's attitudes | behavioral intentions
zero_shot_flan_t5,15358868,adults with autism,autism,visual search in adults with autism,adults with autism . | adults with autism . | adults with autism,,searching for targets . | visual search performance | visual discrimination ability . | unique item detection
zero_shot_flan_t5,15848261,Twenty-six patients,physical therapy alone or with a specialised balance retraining program,gait improvement,stroke patients ] | post-acute hemiparetic patients | Twenty-six patients within 3 months of onset of stroke,conventional physical therapy alone | specialised balance retraining program | physical therapy | therapy and retraining | conventional therapy | therapy | standing balance training by biofeedback ( BPM Monitor ) | conventional therapy .,gait improvement | Gait spatiotemporal parameters | clinical scores | time between stroke and the beginning of walking | Gait velocity | walking pattern | duration of the paretic limb single stance . | duration of the reception double stance on the paretic limb
zero_shot_flan_t5,15854186,98 patients,cophenylcaine or placebo,"pain , unpleasantness of taste and overa",flexible nasendoscopy : | 98 patients | flexible nasendoscopy . | flexible nasendoscopy .,Cophenylcaine | placebo | cophenylcaine | placebo | cophenylcaine | cophenylcaine,"pain , unpleasantness of taste and overall discomfort experienced . | pain and discomfort | pain or overall discomfort | sensation of bad taste | unpleasantness | pain | unpleasantness of taste ."
zero_shot_flan_t5,15858959,Two hundred children,Saccharomyces boulardii,Effect of Saccharomyces boulardii in children with acute diarrhoea,children | acute diarrhoea | children with acute diarrhoea . | Two hundred children | acute diarrhoea in children,Saccharomyces boulardii | Saccharomyces boulardii . | S. boulardii | S. boulardii | S. boulardii | placebo | placebo | S. boulardii | placebo | S. boulardii | placebo | S. boulardii | S. boulardii | placebo | placebo | S. boulardii | S. boulardii | S. boulardii,average stool frequency | duration of diarrhoea | duration of hospital stay | duration of acute diarrhoea | duration of hospital stay
zero_shot_flan_t5,16167234,patients who underwent digestive surgery,BCAA enriched or rou,nutritional status and postoperative fatigue,after digestive surgery ] | digestive surgery patients . | Forty patients who underwent digestive surgery | digestive surgery patients .,amino acid enriched formula | branch chain amino acid ( BCAA ) enriched formula | BCAA enriched | routine amino acid | BCAA | BCAA-enriched | BCAA enriched formula,"postoperative fatigue | nutritional status | nutritional status | postoperative fatigue | Nitrogen balance , serum total protein , albumin , prealbumin , transferrin , retinol binding protein and postoperative fatigue score | cumulative postoperative fatigue scores | nitrogen balance | cumulative nitrogen balance | serum total protein , albumin , prealbumin , transferrin | serum level of retinol binding protein | postoperative fatigue score | nutritional status"
zero_shot_flan_t5,16295154,parents of children,intervention pilot,outcomes or endpoints were measured,parents of children | autistic spectrum disorder | Parents of children | diagnosis of autistic spectrum disorder ( ASD ) | parents of children with ASD,"Intervention | nursing intervention | post-diagnosis nursing intervention | usual care | contact with a pediatric nurse practitioner ( PNP ) for counseling , instruction , and assistance with implementation of the recommended treatment plan | usual care | consultation session to receive the results of diagnostic tests and a written copy of the recommended treatment plan","parents ' reports of stress | impact of event ( diagnosis ) | use of services | "" impact of event "" | "" perceived stress """
zero_shot_flan_t5,16427787,placebo controlled fMRI study,melatonin,melatonin reduced task-related activit,human,melatonin | melatonin | Melatonin | placebo | melatonin | melatonin | melatonin | melatonin,effects | task-related activity | subjective measurements of fatigue . | activation in the left parahippocampus | brain activity | fatigue
zero_shot_flan_t5,16505427,Eligible patients,erythropoietin alfa,"Eligible patients were randomly assigned to receive three weekly doses of epoetin alfa 40,000 U subcutaneously, followed by either standard weekly epo",anemic patients with cancer . | patients with cancer-associated anemia . | Three hundred sixty-five patients,erythropoietin | epoetin alfa | epoetin alfa | epoetin alfa | epoetin alfa | epoetin alfa | epoetin alfa | epoetin alfa .,requiring transfusions | hemoglobin ( Hb ) increment | drug dose | Hb | Hb | Toxicities | thromboembolism | overall survival | global quality of life ( QOL ) | global QOL | QOL | transfusion needs | QOL . | Hb increment
zero_shot_flan_t5,1669598,10 patients,local immunotherapy,efficacy and tolerability,10 patients with asthma due to HDM,immunotherapy | immunotherapy | local immunotherapy | powder extract of house dust mite ( HDM ) | parenteral immunotherapy ( PI ) | placebo | lactose | disodium cromoglycate ( DSCG ),efficacy | tolerability | symptoms score | peak expiratory flow ( PEF ) -derived parameters | bronchial response | bronchial responsiveness | immunologic humoral and cellular parameters in peripheral blood | local important adverse reactions | systemic side effects | systemic side effects .
zero_shot_flan_t5,17293018,patients with CDAD,dietary management of patients with C. difficile-associated diarrhea,safety of whey protein concentrate derived from the milk,patients with C. difficile-associated diarrhea ( CDAD ) | 77 patients with CDAD | patients with CDAD . | individuals with CDAD,whey protein concentrate | whey protein concentrate | immunized against Clostridium difficile ( C. | anti-C. difficile whey protein concentrate ( anti-CD WPC ) | anti-CD WPC | regular whey protein concentrate . | anti-CD WPC | anti-CD WPC | anti-CD WPC,safe | safe
zero_shot_flan_t5,17321989,patients with acute myeloid leukemia,itraconazole capsules and fluconazole capsules,Prophylactic effect of itraconazole capsules and fluconazole capsules,patients with acute myeloid leukemia and myelodysplastic syndromes : | Japanese | patients with acute myeloid leukemia ( AML ) or myelodysplastic syndromes ( MDS ) during and after chemotherapy . | patients with AML or MDS who received chemotherapy,itraconazole | fluconazole | fluconazole | itraconazole | itraconazole | fluconazole,Adverse events | probable or possible infections | frequency of infection
zero_shot_flan_t5,17616069,pospartal anemia,intravenous treatment,effectivity and safety,postpartum | Prague | Prague | 50 women | clinical and lab signs of postpartal anemia,trivalent ferrum preparation ] | trivalent ferrum preparation . | sacharose ferric oxide ( Venofer ) | Venofer | trivalent saccharose ferric oxide,effectivity | safeness | values of red blood count | serum values of soluble transferrin receptors and ferritin | iron cell saturation | body iron reserves | adverse events | effective | serious adverse event
